@BBCWorld,Israeli policeman jailed for killing Palestinian teen https://t.co/fB1p7SEeeD,Wed Apr 25 17:16:16 +0000 2018,-0.8225,0.0,0.559,0.441,1
@BBCWorld,Swedish archaeologists reveal 5th Century massacre at Sandby borg https://t.co/TjIdOuFsd5,Wed Apr 25 17:01:55 +0000 2018,0.0,0.0,0.0,1.0,2
@BBCWorld,RT @bbcthree: No female WWE wrestlers at Saudi Arabia show https://t.co/DT5vgdNyDS https://t.co/Hjq16kMKfh,Wed Apr 25 16:37:27 +0000 2018,-0.296,0.0,0.167,0.833,3
@BBCWorld,Macron to US Congress: 'There is no Planet B' https://t.co/DMbQa0w6h6,Wed Apr 25 16:14:26 +0000 2018,-0.296,0.0,0.196,0.804,4
@BBCWorld,US college says outdoors too risky for outdoors club https://t.co/X30mqYZUj5,Wed Apr 25 16:14:26 +0000 2018,-0.2023,0.0,0.167,0.833,5
@BBCWorld,Golden State Killer: Police 'arrest suspect' in California https://t.co/0QmKvp94Dk,Wed Apr 25 16:11:10 +0000 2018,-0.836,0.0,0.597,0.403,6
@BBCWorld,Macron attacks nationalism in speech to US Congress https://t.co/l4PrfXI4aQ,Wed Apr 25 15:58:50 +0000 2018,-0.4404,0.0,0.266,0.734,7
@BBCWorld,"""Iran shall never possess any nuclear weapons""

French President @EmmanuelMacron urges US Congress not to abandon n‚Ä¶ https://t.co/WgrGlF0tI6",Wed Apr 25 15:43:02 +0000 2018,-0.1265,0.113,0.136,0.751,8
@BBCWorld,Iran's Reza Shah: Mummified remains 'most probably' belong to leader https://t.co/p60IFbuZEj,Wed Apr 25 15:41:28 +0000 2018,0.0,0.0,0.0,1.0,9
@BBCWorld,"""There is no planet B"" - French President @EmmanuelMacron tells US Congress to find a smooth transition to low carb‚Ä¶ https://t.co/NWu1YIA7wG",Wed Apr 25 15:31:37 +0000 2018,-0.5106,0.0,0.202,0.798,10
@BBCWorld,Melania steps into spotlight for Macron visit https://t.co/PJVlBRmvaN,Wed Apr 25 15:18:15 +0000 2018,0.0,0.0,0.0,1.0,11
@BBCWorld,"It is a ""critical moment for the world"" in the fight against ""dangers... of extreme nationalism"", French President‚Ä¶ https://t.co/WDSsvLM3dE",Wed Apr 25 15:18:07 +0000 2018,-0.5994,0.0,0.234,0.766,12
@BBCWorld,"RT @BBCJonSopel: This is a thinly veiled rebuke to @realDonaldTrump from @EmmanuelMacron - ""we can choose isolationism, withdrawal and nati‚Ä¶",Wed Apr 25 15:13:21 +0000 2018,0.128,0.135,0.0,0.865,13
@BBCWorld,"""It is a horrific price to pay for freedom"" - French President Emmanuel Macron talks about terror attacks in Europe‚Ä¶ https://t.co/27aLn1GjlU",Wed Apr 25 15:04:47 +0000 2018,-0.7845,0.139,0.399,0.462,14
@BBCWorld,"RT @BBCNorthAmerica: Are you and your partner living together, raising a child - but aren't married? The BBC wants to talk to Americans abo‚Ä¶",Wed Apr 25 14:53:13 +0000 2018,0.0,0.0,0.0,1.0,15
@BBCWorld,Auschwitz rap: German Echo music prize scrapped in anti-Semitism row https://t.co/76hcZ5H2GI,Wed Apr 25 14:26:24 +0000 2018,0.5106,0.248,0.0,0.752,16
@BBCWorld,Rwanda 'genocide-era' mass graves found https://t.co/a4N0BK2yzx,Wed Apr 25 13:31:52 +0000 2018,-0.296,0.0,0.306,0.694,17
@BBCWorld,RT @BBCtrending: Is a new hate speech law killing German comedy? https://t.co/PhTFoRC50z,Wed Apr 25 13:20:45 +0000 2018,-0.765,0.134,0.435,0.43,18
@BBCWorld,Hotel door locks worldwide were vulnerable to hack https://t.co/Fy1819Ik89,Wed Apr 25 13:10:12 +0000 2018,-0.2263,0.0,0.192,0.808,19
@BBCWorld,Iraqi women election candidates targeted for abuse gain UN support https://t.co/pwRU1mPlje,Wed Apr 25 13:05:05 +0000 2018,0.2263,0.333,0.23,0.437,20
@BBCWorld,Israeli policeman jailed for killing Palestinian teen https://t.co/fB1p7SEeeD,Wed Apr 25 17:16:16 +0000 2018,-0.8225,0.0,0.559,0.441,21
@BBCWorld,Swedish archaeologists reveal 5th Century massacre at Sandby borg https://t.co/TjIdOuFsd5,Wed Apr 25 17:01:55 +0000 2018,0.0,0.0,0.0,1.0,22
@BBCWorld,RT @bbcthree: No female WWE wrestlers at Saudi Arabia show https://t.co/DT5vgdNyDS https://t.co/Hjq16kMKfh,Wed Apr 25 16:37:27 +0000 2018,-0.296,0.0,0.167,0.833,23
@BBCWorld,Macron to US Congress: 'There is no Planet B' https://t.co/DMbQa0w6h6,Wed Apr 25 16:14:26 +0000 2018,-0.296,0.0,0.196,0.804,24
@BBCWorld,US college says outdoors too risky for outdoors club https://t.co/X30mqYZUj5,Wed Apr 25 16:14:26 +0000 2018,-0.2023,0.0,0.167,0.833,25
@BBCWorld,Golden State Killer: Police 'arrest suspect' in California https://t.co/0QmKvp94Dk,Wed Apr 25 16:11:10 +0000 2018,-0.836,0.0,0.597,0.403,26
@BBCWorld,Macron attacks nationalism in speech to US Congress https://t.co/l4PrfXI4aQ,Wed Apr 25 15:58:50 +0000 2018,-0.4404,0.0,0.266,0.734,27
@BBCWorld,"""Iran shall never possess any nuclear weapons""

French President @EmmanuelMacron urges US Congress not to abandon n‚Ä¶ https://t.co/WgrGlF0tI6",Wed Apr 25 15:43:02 +0000 2018,-0.1265,0.113,0.136,0.751,28
@BBCWorld,Iran's Reza Shah: Mummified remains 'most probably' belong to leader https://t.co/p60IFbuZEj,Wed Apr 25 15:41:28 +0000 2018,0.0,0.0,0.0,1.0,29
@BBCWorld,"""There is no planet B"" - French President @EmmanuelMacron tells US Congress to find a smooth transition to low carb‚Ä¶ https://t.co/NWu1YIA7wG",Wed Apr 25 15:31:37 +0000 2018,-0.5106,0.0,0.202,0.798,30
@BBCWorld,Melania steps into spotlight for Macron visit https://t.co/PJVlBRmvaN,Wed Apr 25 15:18:15 +0000 2018,0.0,0.0,0.0,1.0,31
@BBCWorld,"It is a ""critical moment for the world"" in the fight against ""dangers... of extreme nationalism"", French President‚Ä¶ https://t.co/WDSsvLM3dE",Wed Apr 25 15:18:07 +0000 2018,-0.5994,0.0,0.234,0.766,32
@BBCWorld,"RT @BBCJonSopel: This is a thinly veiled rebuke to @realDonaldTrump from @EmmanuelMacron - ""we can choose isolationism, withdrawal and nati‚Ä¶",Wed Apr 25 15:13:21 +0000 2018,0.128,0.135,0.0,0.865,33
@BBCWorld,"""It is a horrific price to pay for freedom"" - French President Emmanuel Macron talks about terror attacks in Europe‚Ä¶ https://t.co/27aLn1GjlU",Wed Apr 25 15:04:47 +0000 2018,-0.7845,0.139,0.399,0.462,34
@BBCWorld,"RT @BBCNorthAmerica: Are you and your partner living together, raising a child - but aren't married? The BBC wants to talk to Americans abo‚Ä¶",Wed Apr 25 14:53:13 +0000 2018,0.0,0.0,0.0,1.0,35
@BBCWorld,Auschwitz rap: German Echo music prize scrapped in anti-Semitism row https://t.co/76hcZ5H2GI,Wed Apr 25 14:26:24 +0000 2018,0.5106,0.248,0.0,0.752,36
@BBCWorld,Rwanda 'genocide-era' mass graves found https://t.co/a4N0BK2yzx,Wed Apr 25 13:31:52 +0000 2018,-0.296,0.0,0.306,0.694,37
@BBCWorld,RT @BBCtrending: Is a new hate speech law killing German comedy? https://t.co/PhTFoRC50z,Wed Apr 25 13:20:45 +0000 2018,-0.765,0.134,0.435,0.43,38
@BBCWorld,Hotel door locks worldwide were vulnerable to hack https://t.co/Fy1819Ik89,Wed Apr 25 13:10:12 +0000 2018,-0.2263,0.0,0.192,0.808,39
@BBCWorld,Iraqi women election candidates targeted for abuse gain UN support https://t.co/pwRU1mPlje,Wed Apr 25 13:05:05 +0000 2018,0.2263,0.333,0.23,0.437,40
@BBCWorld,Rose McGowan: 'Weinstein tried to contact me' https://t.co/TNqqXja1kN,Wed Apr 25 12:57:25 +0000 2018,0.0,0.0,0.0,1.0,41
@BBCWorld,Hank Azaria 'willing to step aside' from Simpsons Apu role https://t.co/NZR7CyhqLF,Wed Apr 25 12:53:38 +0000 2018,0.0,0.0,0.0,1.0,42
@BBCWorld,US actress Rose McGowan: Weinstein tried to text me https://t.co/js0vCj1xFk,Wed Apr 25 12:39:02 +0000 2018,0.0,0.0,0.0,1.0,43
@BBCWorld,India teacher arrested over wedding bomb murder https://t.co/L1xiqf6sOT,Wed Apr 25 12:06:00 +0000 2018,-0.9001,0.0,0.688,0.312,44
@BBCWorld,WhatsApp raises minimum age limit in EU https://t.co/ZVeMHrUVdX,Wed Apr 25 11:36:17 +0000 2018,0.0,0.0,0.0,1.0,45
@BBCWorld,Serzh Sargsyan: Protesters return after talks fail in Armenia https://t.co/WR7HJejnoV,Wed Apr 25 11:36:17 +0000 2018,-0.6597,0.0,0.403,0.597,46
@BBCWorld,"Cowboy comes to the rescue to stop an armed robbery ü§†

https://t.co/HKOFPVNAXg https://t.co/RdpIf2ZSfL",Wed Apr 25 11:28:26 +0000 2018,0.2732,0.213,0.142,0.645,47
@BBCWorld,Kim Wall murder: Peter Madsen guilty https://t.co/Z4T97NRxMQ,Wed Apr 25 11:08:15 +0000 2018,-0.8176,0.0,0.6,0.4,48
@BBCWorld,Arizona special election: Narrow win unsettles Republicans https://t.co/LYLunpjVRN,Wed Apr 25 10:49:14 +0000 2018,0.7579,0.52,0.0,0.48,49
@BBCWorld,Japan objects to Korean summit dessert https://t.co/F56HQH7qRW,Wed Apr 25 10:46:27 +0000 2018,0.0,0.0,0.0,1.0,50
@BBCWorld,"RT @BBCSteveR: Could Armenian 'people power' be repeated in Russia? One Russian paper today: ""...all Russian TV viewers now know that hundr‚Ä¶",Wed Apr 25 10:32:18 +0000 2018,0.0,0.0,0.0,1.0,51
@BBCWorld,Germany's Bavaria orders Christian crosses in all state buildings https://t.co/Kc5mTgFrPl,Wed Apr 25 10:29:36 +0000 2018,0.0,0.0,0.0,1.0,52
@BBCWorld,Madrid leader Cifuentes resigns amid supermarket 'theft video' https://t.co/o8Id5sJSfv,Wed Apr 25 10:24:13 +0000 2018,-0.3182,0.0,0.223,0.777,53
@BBCWorld,Iran nuclear deal: Rouhani says West has no right to make changes https://t.co/SXFujvvlbM,Wed Apr 25 10:11:28 +0000 2018,-0.296,0.0,0.155,0.845,54
@BBCWorld,"Mexican 'cowboy' stops armed robbery in Monterrey, Mexico https://t.co/SXTrT8e8R3",Wed Apr 25 09:53:44 +0000 2018,-0.1531,0.0,0.167,0.833,55
@BBCWorld,"True bromance? 

Trump and Macron's most touching moments. 

https://t.co/vEt6Zw3o1e https://t.co/HDI6n1e2ws",Wed Apr 25 09:43:52 +0000 2018,0.4215,0.237,0.0,0.763,56
@BBCWorld,"RT @VictoriaLIVE: 'I didn't take a settlement - I requested it to pay for therapy, donate to rape crisis and buy a billboard that says Harv‚Ä¶",Wed Apr 25 09:19:23 +0000 2018,-0.8807,0.0,0.349,0.651,57
@BBCWorld,"RT @VictoriaLIVE: The response to the #MeToo campaign has been ""cataclysmic"", says @rosemcgowan https://t.co/QiMlwE2mW4",Wed Apr 25 09:19:19 +0000 2018,0.0,0.0,0.0,1.0,58
@BBCWorld,RT @BBCClick: Lifeguards in Australia are now using drones equipped with artificial intelligence to help prevent shark attacks. https://t.c‚Ä¶,Wed Apr 25 08:37:43 +0000 2018,0.4588,0.278,0.117,0.605,59
@BBCWorld,Daca: Trump administration ordered to resume young immigrant scheme https://t.co/lFhsVTrYGv,Wed Apr 25 08:28:34 +0000 2018,0.0,0.0,0.0,1.0,60
@BBCWorld,Chikesia Clemons asked to speak to a manager after she was charged for plastic cutlery at a Waffle House in Alabama‚Ä¶ https://t.co/GrsFXxhqei,Wed Apr 25 08:07:33 +0000 2018,-0.2023,0.0,0.087,0.913,61
@BBCWorld,"'Trucker wall' helps prevent man's death

https://t.co/Aq5IR7FSA5 https://t.co/fJooURiGM6",Wed Apr 25 07:45:24 +0000 2018,-0.296,0.294,0.31,0.397,62
@BBCWorld,Iran pushes app with 'Death to America' emoji https://t.co/qykiJQD20o,Wed Apr 25 07:21:29 +0000 2018,-0.5994,0.0,0.328,0.672,63
@BBCWorld,US rapper Meek Mill released from prison https://t.co/fXdi4ID2qB,Wed Apr 25 06:36:28 +0000 2018,-0.5106,0.0,0.32,0.68,64
@BBCWorld,RT @BBCMaryam: So as WhatsApp announces it‚Äôs raising the minimum age limit to 16- we want to know do you think young users will follow the‚Ä¶,Wed Apr 25 06:25:19 +0000 2018,0.0772,0.049,0.0,0.951,65
@BBCWorld,"Singapore mourns Inuka, the world's only 'tropical polar bear' https://t.co/cgWu7LqFGe",Wed Apr 25 06:17:19 +0000 2018,-0.5267,0.0,0.274,0.726,66
@BBCWorld,Trump opens exit for embattled US veterans nominee Ronny Jackson https://t.co/e6hpOex6Wh,Wed Apr 25 05:55:00 +0000 2018,0.0,0.0,0.0,1.0,67
@BBCWorld,"Toronto van attack: 'Love for all, hatred for none' https://t.co/V2jGaVkOBg",Wed Apr 25 05:44:01 +0000 2018,-0.4767,0.227,0.395,0.378,68
@BBCWorld,Asaram Bapu: controversial Indian guru convicted of rape https://t.co/l7aX5fuWCc,Wed Apr 25 05:30:13 +0000 2018,-0.7579,0.0,0.481,0.519,69
@BBCWorld,"RT @BBCBreaking: Self-styled Indian 'godman' Asaram, who has millions of followers worldwide, found guilty of rape https://t.co/Iv6hOKgGOR",Wed Apr 25 05:24:42 +0000 2018,-0.8176,0.0,0.333,0.667,70
@BBCWorld,"Farewell Inuka. 

World's only 'tropical polar bear' dies in Singapore. https://t.co/90Jg6YIMnj",Wed Apr 25 05:21:09 +0000 2018,0.0,0.0,0.0,1.0,71
@BBCWorld,Anzac Day marked in Australia and New Zealand https://t.co/M4U3x9Q06A,Wed Apr 25 05:13:23 +0000 2018,0.0,0.0,0.0,1.0,72
@BBCWorld,North and South Korea: The petty side of diplomacy https://t.co/VwawQTeJ3B,Wed Apr 25 05:13:23 +0000 2018,-0.2023,0.0,0.167,0.833,73
@BBCWorld,How accurate is the murder rate in Miss Fisher‚Äôs Melbourne? https://t.co/aLK5NQPEzF,Wed Apr 25 05:13:23 +0000 2018,-0.743,0.0,0.412,0.588,74
@BBCWorld,#MeToo Japan: What happened when women broke their silence https://t.co/d9QiN2F8lo,Wed Apr 25 05:13:23 +0000 2018,-0.4215,0.0,0.237,0.763,75
@BBCWorld,Crossing Divides: Nigeria tin mine heals ancient wounds https://t.co/4JYP2cXcrd,Wed Apr 25 04:16:49 +0000 2018,0.0,0.0,0.0,1.0,76
@BBCWorld,Nicaragua riots: Police free detained students and lecturers https://t.co/C0gw7P1EyS,Wed Apr 25 04:13:57 +0000 2018,-0.4019,0.216,0.392,0.392,77
@BBCWorld,"RT @BBCNewsAsia: Two Indonesian children got married in Sulawesi this week, after a long battle to do so which drew nationwide attention an‚Ä¶",Wed Apr 25 03:55:14 +0000 2018,-0.3818,0.0,0.11,0.89,78
@BBCWorld,"RT @SallyBundockBBC: What do you make of ""Le Bromance"" between President Trump and President Macron? Holding hands, a mutual kiss, removing‚Ä¶",Wed Apr 25 03:22:08 +0000 2018,0.4215,0.128,0.0,0.872,79
@BBCWorld,"RT @BBCNewsAsia: A Chinese university has decided to liven up its annual sports day by hosting a grenade-tossing event. 

Yup. #NewsFromEls‚Ä¶",Wed Apr 25 02:37:29 +0000 2018,0.0,0.0,0.0,1.0,80
@BBCWorld,RT @BBCNewsAsia: North and South Korea are preparing for their first summit in just over a decade. After years of frosty relations and bell‚Ä¶,Wed Apr 25 02:07:16 +0000 2018,0.0,0.0,0.0,1.0,81
@BBCWorld,"RT @BBCNewsAsia: In the space of a fortnight in Japan, a model accused a renowned photographer of exploitation and two top officials resign‚Ä¶",Wed Apr 25 02:06:54 +0000 2018,-0.1027,0.082,0.1,0.818,82
@BBCWorld,Shark-spotting drones help keep swimmers safe https://t.co/JMFq3Hr3fU,Wed Apr 25 01:36:25 +0000 2018,0.6808,0.528,0.0,0.472,83
@BBCWorld,Letter from Africa: Why I back the Swazi king's nation change https://t.co/q8XlWbH9cm,Wed Apr 25 01:21:26 +0000 2018,0.0,0.0,0.0,1.0,84
@BBCWorld,Forest bathing: How a walk in the woods could do you good https://t.co/vo3nIAieSf,Wed Apr 25 01:00:25 +0000 2018,0.4404,0.209,0.0,0.791,85
@BBCWorld,"Pimpin' rides, African style https://t.co/yiQcux6WyX",Wed Apr 25 00:42:45 +0000 2018,0.0,0.0,0.0,1.0,86
@BBCWorld,Crossing Divides: Flirting across the India-Pakistan border https://t.co/JrGbBf6UcX,Tue Apr 24 23:51:40 +0000 2018,0.2023,0.205,0.0,0.795,87
@BBCWorld,Kim Wall death - what we know so far https://t.co/8S8cSFmf8U,Tue Apr 24 23:15:21 +0000 2018,-0.5994,0.0,0.328,0.672,88
@BBCWorld,'Trucker wall' helps prevent man from jumping to his death https://t.co/smetbvsHNE,Tue Apr 24 23:12:20 +0000 2018,-0.296,0.237,0.25,0.513,89
@BBCWorld,Trump and Macron hint at new Iran nuclear deal https://t.co/8zi68o2iop,Tue Apr 24 22:43:28 +0000 2018,0.0,0.0,0.0,1.0,90
@BBCWorld,Is the Iran nuclear deal about to collapse? https://t.co/beUrjbuzhC,Tue Apr 24 21:34:45 +0000 2018,-0.4939,0.0,0.286,0.714,91
@BBCWorld,Trump and Macron's most touching moments https://t.co/lkhvWl7rG3,Tue Apr 24 21:34:45 +0000 2018,0.0,0.0,0.0,1.0,92
@BBCWorld,RT @bbcworldservice: Seizure of illegal fishing nets in Cambodia leads to increase in dolphin population. üìªhttps://t.co/zQtTdwRftz https://‚Ä¶,Tue Apr 24 21:32:16 +0000 2018,-0.3182,0.11,0.172,0.718,93
@BBCWorld,NRA breaks 15-year fundraising record after Parkland shooting https://t.co/cBjm1K3gUR,Tue Apr 24 20:49:32 +0000 2018,0.0,0.0,0.0,1.0,94
@BBCWorld,Fancy a French farm for free? https://t.co/r7S0rhxWtl,Tue Apr 24 20:02:18 +0000 2018,0.5106,0.398,0.0,0.602,95
@BBCWorld,RT @BBCOS: Have you considered a holiday in Greenland? Well the island has plans to rival its Nordic neighbour Iceland https://t.co/pVckXfb‚Ä¶,Tue Apr 24 19:50:24 +0000 2018,0.5859,0.211,0.0,0.789,96
@BBCWorld,"Man accused of deliberately driving into pedestrians in Toronto has been charged with murder and attempted murder,‚Ä¶ https://t.co/tmbprKQ0Zj",Tue Apr 24 19:25:41 +0000 2018,-0.8271,0.0,0.367,0.633,97
@BBCWorld,Germany's Jews urged not to wear kippahs after attacks https://t.co/32E9IJYr0R,Tue Apr 24 17:55:54 +0000 2018,-0.4404,0.0,0.244,0.756,98
@BBCWorld,"""I would love to get out. I would love to bring our incredible warriors back home"" from Syria, President Trump says‚Ä¶ https://t.co/81pzY85kzw",Tue Apr 24 17:38:29 +0000 2018,0.8555,0.307,0.0,0.693,99
@BBCWorld,RT @BBCJonSopel: .@realDonaldTrump says hopes to bring troops home ‚Äòrelatively soon‚Äô from Syria - but doesn‚Äôt tie himself to a timeline,Tue Apr 24 17:12:37 +0000 2018,0.2263,0.095,0.0,0.905,100
@CBSNews,"Cambridge University ethics panel rejected Aleksandr Kogan's Facebook study, according to a new report‚Ä¶ https://t.co/AKgRgUmwAM",Wed Apr 25 17:40:01 +0000 2018,-0.5106,0.0,0.202,0.798,1
@CBSNews,"The contents of a mango mousse, one planned dessert for this week's inter-Korean summit, have created a mini-diplom‚Ä¶ https://t.co/sQBqUJkSaH",Wed Apr 25 17:25:30 +0000 2018,0.25,0.111,0.0,0.889,2
@CBSNews,"Today marks the 16th anniversary of the day TLC's Lisa ""Left Eye"" Lopes tragically lost her life in a car crash abr‚Ä¶ https://t.co/zEqOXx058A",Wed Apr 25 17:10:43 +0000 2018,-0.8271,0.0,0.314,0.686,3
@CBSNews,"White House defends Ronny Jackson against ""candy man"" accusations, despite reports that Jackson allegedly loosely d‚Ä¶ https://t.co/6emJhn7nDu",Wed Apr 25 16:45:01 +0000 2018,-0.3182,0.0,0.126,0.874,4
@CBSNews,"U.S. Olympians head to Capitol Hill in bid to ""salvage"" winters from climate change https://t.co/Z6S3GEBLxP https://t.co/m4gu6yyXfL",Wed Apr 25 16:29:04 +0000 2018,0.0,0.0,0.0,1.0,5
@CBSNews,Chilling new details in Maine mom's slaying as her son and two other teens arrested in connection to her murder‚Ä¶ https://t.co/LMtjKl1KIa,Wed Apr 25 16:00:02 +0000 2018,-0.4939,0.0,0.181,0.819,6
@CBSNews,NEW: Jury deliberations are underway in the retrial of Bill Cosby. Cosby faces 3 counts of aggravated indecent assa‚Ä¶ https://t.co/F6w0NzZ3ss,Wed Apr 25 15:51:32 +0000 2018,-0.4404,0.0,0.139,0.861,7
@CBSNews,The Russian military indicated on Wednesday it will supply the Syrian government with a sophisticated air defense s‚Ä¶ https://t.co/e9Pi3w36VA,Wed Apr 25 15:45:01 +0000 2018,0.6249,0.242,0.0,0.758,8
@CBSNews,"""We should not abandon [the Iran nuclear deal] without having something substantial and more substantial instead. T‚Ä¶ https://t.co/3bgWZCTIH7",Wed Apr 25 15:40:53 +0000 2018,0.0572,0.117,0.155,0.729,9
@CBSNews,"""As for Iran, our objective is clear: Iran shall never possess any nuclear weapons,"" French President Macron says.‚Ä¶ https://t.co/alakWTzVud",Wed Apr 25 15:37:03 +0000 2018,0.3818,0.126,0.0,0.874,10
@CBSNews,"‚ÄúWe have to work¬†together in order to make our¬†planet great again,‚Äù French President Macron says. ‚ÄúI am sure,¬†one¬†d‚Ä¶ https://t.co/osixkyTJT2",Wed Apr 25 15:33:10 +0000 2018,0.7506,0.234,0.0,0.766,11
@CBSNews,"""By polluting the oceans, not mitigating CO2 emissions and destroying the biodiversity, we are killing our planet.‚Ä¶ https://t.co/yWqwo1E4LN",Wed Apr 25 15:30:31 +0000 2018,-0.8402,0.0,0.333,0.667,12
@CBSNews,"""A commercial war is not consistent with our mission, with our history, with our current commitments for global sec‚Ä¶ https://t.co/vuVegiRGf7",Wed Apr 25 15:25:01 +0000 2018,-0.5267,0.064,0.167,0.769,13
@CBSNews,"""The United States is the one who invented this multilateralism. You are the one now who has to preserve and reinve‚Ä¶ https://t.co/zC9ijMKUCs",Wed Apr 25 15:21:06 +0000 2018,0.4215,0.118,0.0,0.882,14
@CBSNews,"""I do not share the fascination for new strong powers, the abandonment of freedom &amp; the illusion of nationalism,"" F‚Ä¶ https://t.co/APGerc2ngK",Wed Apr 25 15:19:13 +0000 2018,0.1491,0.239,0.252,0.509,15
@CBSNews,"""I am convinced that if we decide to open our eyes wider, we will be stronger. We will overcome the dangers; we wil‚Ä¶ https://t.co/dq3cGfqBWM",Wed Apr 25 15:15:38 +0000 2018,0.2732,0.18,0.108,0.712,16
@CBSNews,"‚ÄúYou can play with fear and¬†anger for a time, but they do¬†not construct anything.¬†Anger only freezes and weakens¬†us‚Ä¶ https://t.co/xR0b746R1C",Wed Apr 25 15:13:58 +0000 2018,-0.2151,0.188,0.283,0.529,17
@CBSNews,"""All of us gathered here in this noble chamber -- we, elected officials, all share the responsibility to demonstrat‚Ä¶ https://t.co/f3TrD24JRK",Wed Apr 25 15:10:06 +0000 2018,0.6908,0.241,0.0,0.759,18
@CBSNews,"""Our nations have suffered wrenching losses simply because of our values and our taste for freedom,"" Pres. Macron s‚Ä¶ https://t.co/gxZgxXaTiv",Wed Apr 25 15:04:34 +0000 2018,-0.4939,0.105,0.23,0.664,19
@CBSNews,"This 8-year-old girl with a brain tumor always wanted to go to Australia, but traveling that far wasn't possible wi‚Ä¶ https://t.co/ArOkfX11vf",Wed Apr 25 15:01:50 +0000 2018,-0.2023,0.0,0.087,0.913,20
@CBSNews,"Cambridge University ethics panel rejected Aleksandr Kogan's Facebook study, according to a new report‚Ä¶ https://t.co/AKgRgUmwAM",Wed Apr 25 17:40:01 +0000 2018,-0.5106,0.0,0.202,0.798,21
@CBSNews,"The contents of a mango mousse, one planned dessert for this week's inter-Korean summit, have created a mini-diplom‚Ä¶ https://t.co/sQBqUJkSaH",Wed Apr 25 17:25:30 +0000 2018,0.25,0.111,0.0,0.889,22
@CBSNews,"Today marks the 16th anniversary of the day TLC's Lisa ""Left Eye"" Lopes tragically lost her life in a car crash abr‚Ä¶ https://t.co/zEqOXx058A",Wed Apr 25 17:10:43 +0000 2018,-0.8271,0.0,0.314,0.686,23
@CBSNews,"White House defends Ronny Jackson against ""candy man"" accusations, despite reports that Jackson allegedly loosely d‚Ä¶ https://t.co/6emJhn7nDu",Wed Apr 25 16:45:01 +0000 2018,-0.3182,0.0,0.126,0.874,24
@CBSNews,"U.S. Olympians head to Capitol Hill in bid to ""salvage"" winters from climate change https://t.co/Z6S3GEBLxP https://t.co/m4gu6yyXfL",Wed Apr 25 16:29:04 +0000 2018,0.0,0.0,0.0,1.0,25
@CBSNews,Chilling new details in Maine mom's slaying as her son and two other teens arrested in connection to her murder‚Ä¶ https://t.co/LMtjKl1KIa,Wed Apr 25 16:00:02 +0000 2018,-0.4939,0.0,0.181,0.819,26
@CBSNews,NEW: Jury deliberations are underway in the retrial of Bill Cosby. Cosby faces 3 counts of aggravated indecent assa‚Ä¶ https://t.co/F6w0NzZ3ss,Wed Apr 25 15:51:32 +0000 2018,-0.4404,0.0,0.139,0.861,27
@CBSNews,The Russian military indicated on Wednesday it will supply the Syrian government with a sophisticated air defense s‚Ä¶ https://t.co/e9Pi3w36VA,Wed Apr 25 15:45:01 +0000 2018,0.6249,0.242,0.0,0.758,28
@CBSNews,"""We should not abandon [the Iran nuclear deal] without having something substantial and more substantial instead. T‚Ä¶ https://t.co/3bgWZCTIH7",Wed Apr 25 15:40:53 +0000 2018,0.0572,0.117,0.155,0.729,29
@CBSNews,"""As for Iran, our objective is clear: Iran shall never possess any nuclear weapons,"" French President Macron says.‚Ä¶ https://t.co/alakWTzVud",Wed Apr 25 15:37:03 +0000 2018,0.3818,0.126,0.0,0.874,30
@CBSNews,"‚ÄúWe have to work¬†together in order to make our¬†planet great again,‚Äù French President Macron says. ‚ÄúI am sure,¬†one¬†d‚Ä¶ https://t.co/osixkyTJT2",Wed Apr 25 15:33:10 +0000 2018,0.7506,0.234,0.0,0.766,31
@CBSNews,"""By polluting the oceans, not mitigating CO2 emissions and destroying the biodiversity, we are killing our planet.‚Ä¶ https://t.co/yWqwo1E4LN",Wed Apr 25 15:30:31 +0000 2018,-0.8402,0.0,0.333,0.667,32
@CBSNews,"""A commercial war is not consistent with our mission, with our history, with our current commitments for global sec‚Ä¶ https://t.co/vuVegiRGf7",Wed Apr 25 15:25:01 +0000 2018,-0.5267,0.064,0.167,0.769,33
@CBSNews,"""The United States is the one who invented this multilateralism. You are the one now who has to preserve and reinve‚Ä¶ https://t.co/zC9ijMKUCs",Wed Apr 25 15:21:06 +0000 2018,0.4215,0.118,0.0,0.882,34
@CBSNews,"""I do not share the fascination for new strong powers, the abandonment of freedom &amp; the illusion of nationalism,"" F‚Ä¶ https://t.co/APGerc2ngK",Wed Apr 25 15:19:13 +0000 2018,0.1491,0.239,0.252,0.509,35
@CBSNews,"""I am convinced that if we decide to open our eyes wider, we will be stronger. We will overcome the dangers; we wil‚Ä¶ https://t.co/dq3cGfqBWM",Wed Apr 25 15:15:38 +0000 2018,0.2732,0.18,0.108,0.712,36
@CBSNews,"‚ÄúYou can play with fear and¬†anger for a time, but they do¬†not construct anything.¬†Anger only freezes and weakens¬†us‚Ä¶ https://t.co/xR0b746R1C",Wed Apr 25 15:13:58 +0000 2018,-0.2151,0.188,0.283,0.529,37
@CBSNews,"""All of us gathered here in this noble chamber -- we, elected officials, all share the responsibility to demonstrat‚Ä¶ https://t.co/f3TrD24JRK",Wed Apr 25 15:10:06 +0000 2018,0.6908,0.241,0.0,0.759,38
@CBSNews,"""Our nations have suffered wrenching losses simply because of our values and our taste for freedom,"" Pres. Macron s‚Ä¶ https://t.co/gxZgxXaTiv",Wed Apr 25 15:04:34 +0000 2018,-0.4939,0.105,0.23,0.664,39
@CBSNews,"This 8-year-old girl with a brain tumor always wanted to go to Australia, but traveling that far wasn't possible wi‚Ä¶ https://t.co/ArOkfX11vf",Wed Apr 25 15:01:50 +0000 2018,-0.2023,0.0,0.087,0.913,40
@CBSNews,French President Emmanuel Macron tells a story of the meeting between French philosopher Voltaire and Benjamin Fran‚Ä¶ https://t.co/YctipVPDmj,Wed Apr 25 15:00:27 +0000 2018,0.0,0.0,0.0,1.0,41
@CBSNews,"French Pres. Macron begins address Congress, receives standing ovation: ""We are surrounded today with images, portr‚Ä¶ https://t.co/loxhSjYay3",Wed Apr 25 14:54:59 +0000 2018,0.0,0.0,0.0,1.0,42
@CBSNews,WATCH LIVE: French President Emmanuel Macron is addressing Congress amid discussions with President Trump over the‚Ä¶ https://t.co/pkG9nlp1IU,Wed Apr 25 14:50:18 +0000 2018,0.0,0.0,0.0,1.0,43
@CBSNews,Twitter scores its second-ever profitable quarter with results that beat Wall Street estimates‚Ä¶ https://t.co/Cakmyenp9l,Wed Apr 25 14:45:02 +0000 2018,0.4404,0.182,0.0,0.818,44
@CBSNews,"There were no celebrity guests or Hollywood entertainers, but first lady Melania Trump sparkled in the spotlight of‚Ä¶ https://t.co/2d3MODHUPd",Wed Apr 25 14:30:32 +0000 2018,-0.0258,0.075,0.08,0.846,45
@CBSNews,"Japan can't stomach dish on highly-symbolic menu for Kim Jong Un summit, calls South's mango mousse map ""extremely‚Ä¶ https://t.co/NYBGpMjuSy",Wed Apr 25 14:15:01 +0000 2018,0.0,0.0,0.0,1.0,46
@CBSNews,"""Schoolhouse Rock"" songwriter Bob Dorough, who taught millions of children that ""knowledge is power"" with songs lik‚Ä¶ https://t.co/AUeEIwTKCP",Wed Apr 25 14:00:46 +0000 2018,0.0,0.0,0.0,1.0,47
@CBSNews,Top politician resigns after alleged shoplifting video surfaces https://t.co/mf64x8FxCW https://t.co/MLCx0jPnyB,Wed Apr 25 13:45:01 +0000 2018,-0.128,0.149,0.19,0.661,48
@CBSNews,"RT @CBSThisMorning: How much longer are people going to be in the dark? 

""The expectation is within the next month we'll be able to reach‚Ä¶",Wed Apr 25 13:33:36 +0000 2018,0.0,0.0,0.0,1.0,49
@CBSNews,"RT @CBSThisMorning: .@GayleKing to @RicardoRossello: I have a friend who went to PR this past weekend, he was raving about the beaches. And‚Ä¶",Wed Apr 25 13:33:22 +0000 2018,0.4939,0.138,0.0,0.862,50
@CBSNews,Oregon child welfare officials knew the family in an SUV that plunged off a California cliff had faced a child abus‚Ä¶ https://t.co/PstQf4qFA4,Wed Apr 25 13:30:02 +0000 2018,0.0,0.0,0.0,1.0,51
@CBSNews,Graphic animation reveals exactly where victims were killed in the Parkland school shooting: https://t.co/4EWNlrIXIZ https://t.co/YEWfVs9cKf,Wed Apr 25 13:14:26 +0000 2018,-0.7783,0.0,0.343,0.657,52
@CBSNews,E-cigarette maker Juul promises to donate $30 million to fight underage vaping https://t.co/AkjBUTFTcf https://t.co/CAao0eJR5F,Wed Apr 25 12:52:01 +0000 2018,0.0,0.151,0.151,0.698,53
@CBSNews,"Fleetwood Mac will be announcing a new tour that kicks off in October, but Lindsey Buckingham will not be in it. He‚Ä¶ https://t.co/UFxipkYbWa",Wed Apr 25 12:44:34 +0000 2018,0.0,0.0,0.0,1.0,54
@CBSNews,Puerto Rico Governor Ricardo Rossello has been a strong advocate for federal aid to rebuild the island's infrastruc‚Ä¶ https://t.co/clm00aEhmK,Wed Apr 25 12:34:27 +0000 2018,0.5106,0.163,0.0,0.837,55
@CBSNews,Here‚Äôs a look at some of this morning‚Äôs headlines on @CBSThisMorning https://t.co/4OXLCvOkA1,Wed Apr 25 12:32:59 +0000 2018,0.0,0.0,0.0,1.0,56
@CBSNews,"Palo Alto, California, hopes to become the first U.S. city to use unmanned aircraft to deliver blood from a blood b‚Ä¶ https://t.co/JynlBIwYwa",Wed Apr 25 12:30:01 +0000 2018,0.4215,0.123,0.0,0.877,57
@CBSNews,The Time Gala on Tuesday celebrated the publication's 100 most influential people. This year's list celebrated acti‚Ä¶ https://t.co/7HQxH3B6gX,Wed Apr 25 12:25:30 +0000 2018,0.8908,0.414,0.0,0.586,58
@CBSNews,"Our series ""Pay Attention"" looks at how to retrain our focus under the bombardment of technology that distracts us.‚Ä¶ https://t.co/XjsKuoEdIv",Wed Apr 25 12:17:02 +0000 2018,-0.4019,0.0,0.171,0.829,59
@CBSNews,Melania Trump's role as first lady is more visible Wednesday after last night's state dinner. The White House said‚Ä¶ https://t.co/7rZt9c4lfm,Wed Apr 25 12:06:33 +0000 2018,0.0,0.0,0.0,1.0,60
@CBSNews,"Pres. Macron will wrap up his visit to Washington, D.C. with a speech to Congress. On Tuesday, Macron and Pres. Tru‚Ä¶ https://t.co/IP1kGBpYfP",Wed Apr 25 12:06:23 +0000 2018,0.0,0.0,0.0,1.0,61
@CBSNews,"President Trump says he is standing by his embattled pick to lead the Department of Veterans Affairs, Ronny Jackson‚Ä¶ https://t.co/3Lp1YWGKt9",Wed Apr 25 12:04:42 +0000 2018,0.0,0.0,0.0,1.0,62
@CBSNews,"California university won't punish professor who cheered death of ""racist"" Barbara Bush, the university's president‚Ä¶ https://t.co/ybeZGnxDvn",Wed Apr 25 12:01:01 +0000 2018,0.2905,0.264,0.17,0.566,63
@CBSNews,"RT @CBSThisMorning: Palo Alto, California, hopes to become the first U.S. city to use drones to deliver blood from a blood bank to a hospit‚Ä¶",Wed Apr 25 12:00:34 +0000 2018,0.4215,0.113,0.0,0.887,64
@CBSNews,Here‚Äôs a look at some of this morning‚Äôs headlines on @CBSThisMorning https://t.co/gYNX656PWc,Wed Apr 25 11:52:33 +0000 2018,0.0,0.0,0.0,1.0,65
@CBSNews,A California city wants to use drones to help save lives. Palo Alto hopes to become the first U.S. city to use unma‚Ä¶ https://t.co/ps1H58qW18,Wed Apr 25 11:44:24 +0000 2018,0.8271,0.303,0.0,0.697,66
@CBSNews,RT @CBSThisMorning: WATCH this morning's Eye Opener: Your world in 90 seconds. (Presented by @Toyota)  https://t.co/gxqi0bQD6Y https://t.co‚Ä¶,Wed Apr 25 11:42:14 +0000 2018,0.0,0.0,0.0,1.0,67
@CBSNews,The parents of a terminally ill British toddler whose case has drawn support from Pope Francis plan to return to co‚Ä¶ https://t.co/bcIcBhwT5v,Wed Apr 25 11:40:01 +0000 2018,-0.0258,0.11,0.114,0.776,68
@CBSNews,Rapper Meek Mill celebrated his freedom at the 76ers playoff game last night after his release from a Pennsylvania‚Ä¶ https://t.co/42B8Vbyo4y,Wed Apr 25 11:37:05 +0000 2018,0.836,0.317,0.0,0.683,69
@CBSNews,"The husband of the Southwest airlines passenger, who was killed in last week's mid-air explosion, says his family l‚Ä¶ https://t.co/8U5kaz3kXW",Wed Apr 25 11:33:04 +0000 2018,-0.6705,0.0,0.191,0.809,70
@CBSNews,"Here are three things you should know this morning:
1‚É£Apple CEO talks trade with @POTUS
2‚É£GOP baseball practice
3‚É£E‚Ä¶ https://t.co/t8F37XcV1x",Wed Apr 25 11:32:37 +0000 2018,0.0,0.0,0.0,1.0,71
@CBSNews,Former President George H.W. Bush continues treatment in a Houston hospital for the fourth day today. A spokesperso‚Ä¶ https://t.co/fGShkaNOBr,Wed Apr 25 11:22:57 +0000 2018,0.0,0.0,0.0,1.0,72
@CBSNews,"State lawmakers in Nashville are calling James Shaw Jr., the man who wrestled the gun away from the Waffle House at‚Ä¶ https://t.co/PrOoRhIRUs",Wed Apr 25 11:21:05 +0000 2018,-0.34,0.0,0.103,0.897,73
@CBSNews,Audi is recalling about 1.2 million cars and SUVs worldwide because the electric coolant pumps can overheat and pos‚Ä¶ https://t.co/iPtUgJHJhn,Wed Apr 25 11:20:01 +0000 2018,0.0,0.0,0.0,1.0,74
@CBSNews,"Police are investigating whether a van driver ran over pedestrians in Toronto, Canada, on Monday because he was ang‚Ä¶ https://t.co/DzHOPNeH8Q",Wed Apr 25 11:19:05 +0000 2018,0.0,0.0,0.0,1.0,75
@CBSNews,A suspect is in custody after the shooting of two police officers at a Dallas Home Depot. 29-year-old Armando Juare‚Ä¶ https://t.co/fF0wh3v6bB,Wed Apr 25 11:15:48 +0000 2018,-0.296,0.0,0.109,0.891,76
@CBSNews,"A federal judge ruled Tuesday that the decision last year to end DACA was unlawful. On Wednesday, the president's l‚Ä¶ https://t.co/9iMTQtnb7W",Wed Apr 25 11:14:06 +0000 2018,0.0,0.0,0.0,1.0,77
@CBSNews,Danish inventor Peter Madsen sentenced to life in prison for torturing and murdering Swedish journalist Kim Wall du‚Ä¶ https://t.co/pned8djVPP,Wed Apr 25 11:13:39 +0000 2018,-0.9136,0.0,0.458,0.542,78
@CBSNews,.@margbrennan spoke with Iranian Foreign Minister Mohammad Javad Zarif on Sunday's @FacetheNation. She asked Zarif‚Ä¶ https://t.co/KqJgSift4f,Wed Apr 25 11:11:59 +0000 2018,0.0,0.0,0.0,1.0,79
@CBSNews,Pres. Macron will speak to Congress after finishing a visit with Pres. Trump. On Tuesday the leaders held private t‚Ä¶ https://t.co/CxvcgGBq1Y,Wed Apr 25 11:07:59 +0000 2018,0.0,0.0,0.0,1.0,80
@CBSNews,The White House is rallying to defend President Trump's pick to lead the Department of Veterans Affairs. Ronny Jack‚Ä¶ https://t.co/dJjWfhy4aK,Wed Apr 25 11:05:20 +0000 2018,0.0,0.0,0.0,1.0,81
@CBSNews,"A federal judge ruled Tuesday against the Trump administration's decision to end DACA, calling Homeland Secutiry's‚Ä¶ https://t.co/JHtqHHEvem",Wed Apr 25 11:00:01 +0000 2018,0.0,0.0,0.0,1.0,82
@CBSNews,"Drones could help doctors save lives. Next on @CBSThisMorning, you'll see how they may soon be delivering blood to‚Ä¶ https://t.co/3lLZKGRd5m",Wed Apr 25 10:50:02 +0000 2018,0.7096,0.247,0.0,0.753,83
@CBSNews,RT @CBSThisMorning: Good morning! Here's a preview of what's next on @CBSThisMorning at 7am. https://t.co/a7l0sHjP2l,Wed Apr 25 10:48:12 +0000 2018,0.4926,0.197,0.0,0.803,84
@CBSNews,Coming up on @CBSThisMorning: We'll take you inside a sensory deprivation tank for our series #PayAttention. Learn‚Ä¶ https://t.co/EFexbezQ9C,Wed Apr 25 10:45:17 +0000 2018,-0.4215,0.0,0.149,0.851,85
@CBSNews,An Indian court found a high-profile spiritual guru guilty of raping a teenage female devotee in 2013 and sentenced‚Ä¶ https://t.co/4dGhZ7Ujb2,Wed Apr 25 10:40:01 +0000 2018,-0.7184,0.103,0.302,0.595,86
@CBSNews,Ahead on @CBSThisMorning: We'll talk to @FaceTheNation Moderator @margbrennan about the French president's attempt‚Ä¶ https://t.co/i5zYVfBMQC,Wed Apr 25 10:30:58 +0000 2018,0.0,0.0,0.0,1.0,87
@CBSNews,"RT @CBSThisMorning: THIS MORNING: 
üîú@edokeefe on problems surrounding VA Secretary nominee 
üîú@Margbrennan on state dinner, Macron, and Iran‚Ä¶",Wed Apr 25 10:29:10 +0000 2018,-0.4019,0.0,0.137,0.863,88
@CBSNews,Can Democrat Beto O'Rourke beat Ted Cruz in Texas? https://t.co/r5dWlgpTyd https://t.co/d5nps17dE4,Wed Apr 25 10:20:01 +0000 2018,0.0,0.0,0.0,1.0,89
@CBSNews,"Iran: ""Grave consequences"" if Trump bails on nuke deal https://t.co/6E41AFPA8C https://t.co/EfKPRNX6Ap",Wed Apr 25 10:03:03 +0000 2018,-0.3818,0.0,0.206,0.794,90
@CBSNews,George H.W. Bush's book-themed socks gifted by young man with Down syndrome https://t.co/WRbrjOWyew https://t.co/X1s97ExYan,Wed Apr 25 09:48:05 +0000 2018,0.0,0.0,0.0,1.0,91
@CBSNews,Death of Kim Wall: Verdict in Peter Madsen's murder trial expected today https://t.co/iU3LPheX1K https://t.co/Lvk89rIZEb,Wed Apr 25 09:46:03 +0000 2018,-0.8402,0.075,0.406,0.519,92
@CBSNews,Oregon State student jumps from fifth floor dorm window https://t.co/yDbe2GVAq0 https://t.co/K3a7U9URUb,Wed Apr 25 09:40:06 +0000 2018,0.0,0.0,0.0,1.0,93
@CBSNews,"Ronan Farrow explores decline of U.S. diplomacy in ""War on Peace"" https://t.co/QVP0c8uFxJ https://t.co/CwzBWHAoKX",Wed Apr 25 09:33:04 +0000 2018,-0.1027,0.19,0.212,0.598,94
@CBSNews,More people claiming injuries from David Copperfield magic tricks to come forward https://t.co/9p6vOnaXbp https://t.co/fB1tLNrhul,Wed Apr 25 09:18:03 +0000 2018,-0.128,0.0,0.103,0.897,95
@CBSNews,Can Democrat Beto O'Rourke beat Ted Cruz in Texas? https://t.co/7wtkG8rPhp https://t.co/n7LraBMz2Q,Wed Apr 25 09:14:04 +0000 2018,0.0,0.0,0.0,1.0,96
@CBSNews,"Bob Dorough, ""Schoolhouse Rock"" performer and writer, is dead at 94 https://t.co/y58N8LWOWb https://t.co/iNgiL3yHLy",Wed Apr 25 09:03:05 +0000 2018,-0.6486,0.0,0.264,0.736,97
@CBSNews,India guru Asaram Bapu found guilty of raping teen devotee https://t.co/xZmUVq41xJ https://t.co/EGdxQydPaS,Wed Apr 25 09:02:05 +0000 2018,-0.7184,0.135,0.396,0.469,98
@CBSNews,"3 missing film students believed killed and dissolved in acid, Mexico officials say https://t.co/45CNF0U9HY https://t.co/Ylv96w09m4",Wed Apr 25 08:48:04 +0000 2018,-0.7717,0.0,0.358,0.642,99
@CBSNews,"Bill Cosby used good-guy rep to harm women, prosecutor says in closing argument https://t.co/mYfAmrP7hk https://t.co/Owy3d6DGqs",Wed Apr 25 08:33:03 +0000 2018,-0.7184,0.0,0.316,0.684,100
@CNN,Just how big is the Democratic wave going to be this fall? | Analysis by @CillizzaCNN https://t.co/AgH7lzL5uS https://t.co/weJkHyvq1c,Wed Apr 25 17:50:05 +0000 2018,0.0,0.0,0.0,1.0,1
@CNN,"Former President George H.W. Bush is doing much better, a source close to the Bush family says, days after the 41st‚Ä¶ https://t.co/DxYG0mpzpb",Wed Apr 25 17:40:08 +0000 2018,0.4404,0.127,0.0,0.873,2
@CNN,The Supreme Court has released audio of oral arguments in the challenge of the Trump administration's travel ban:‚Ä¶ https://t.co/2D1HoTS0pF,Wed Apr 25 17:30:06 +0000 2018,0.296,0.208,0.114,0.678,3
@CNN,"Hank Azaria says his ""eyes have been opened"" and he's willing to ""step aside"" from playing his controversial ""Simps‚Ä¶ https://t.co/FScHNbqHI4",Wed Apr 25 17:21:06 +0000 2018,0.0,0.083,0.083,0.833,4
@CNN,A person believed to be the so-called Golden State Killer wanted in a series of homicides and rapes going back deca‚Ä¶ https://t.co/s0nXrAXjGW,Wed Apr 25 17:14:32 +0000 2018,-0.8689,0.0,0.328,0.672,5
@CNN,Nickelodeon is bringing back 'Double Dare' https://t.co/DVCe7PWEBC https://t.co/c4K4nemQ6t,Wed Apr 25 17:00:07 +0000 2018,0.0,0.0,0.0,1.0,6
@CNN,"After a series of high-profile clashes with President Trump, former FBI Director James Comey will answer questions‚Ä¶ https://t.co/VgBSKcSQkl",Wed Apr 25 16:58:10 +0000 2018,0.0,0.0,0.0,1.0,7
@CNN,"Dallas police officer Rogelio Santander died this morning, a day after he was shot at a Home Depot, according to po‚Ä¶ https://t.co/cN2xVuVy3N",Wed Apr 25 16:50:06 +0000 2018,-0.5574,0.0,0.159,0.841,8
@CNN,Amazon has launched a new service in 37 US cities that delivers packages to the trunk of your car‚Ä¶ https://t.co/sjyJyc2rMg,Wed Apr 25 16:50:00 +0000 2018,0.296,0.158,0.0,0.842,9
@CNN,"A new study suggests the atmosphere on the planet Uranus is composed of hydrogen sulfide, the same molecule that ma‚Ä¶ https://t.co/tJhwuXdzDi",Wed Apr 25 16:40:00 +0000 2018,0.0,0.0,0.0,1.0,10
@CNN,"In a week of awful news, these three heroes stepped up https://t.co/IRmO4czPGd https://t.co/AnmqqmL8bA",Wed Apr 25 16:30:15 +0000 2018,0.0772,0.202,0.184,0.613,11
@CNN,The Nashville-area Waffle House where a gunman killed four people over the weekend reopened its doors this morning‚Ä¶ https://t.co/97wOaXpdfK,Wed Apr 25 16:20:07 +0000 2018,-0.6705,0.0,0.209,0.791,12
@CNN,"""My parents came here in search of the American dream... I got into public service to protect that"": More than 90 M‚Ä¶ https://t.co/IIf8anSwm0",Wed Apr 25 16:10:03 +0000 2018,0.3818,0.11,0.0,0.89,13
@CNN,The next wave of teacher walkouts and demonstrations is about to begin. Here's where dissatisfied teachers are taki‚Ä¶ https://t.co/lYYGerHvx7,Wed Apr 25 16:00:12 +0000 2018,-0.5106,0.0,0.202,0.798,14
@CNN,"More than 150 severe bleeding cases, four fatal, have been tied to synthetic cannabinoids use.

Synthetic cannabino‚Ä¶ https://t.co/1OHsldQWH7",Wed Apr 25 15:50:04 +0000 2018,-0.7479,0.0,0.285,0.715,15
@CNN,"French President Emmanuel Macron, addressing a joint session of Congress: ‚ÄúWe have to work together‚Ä¶ let us work to‚Ä¶ https://t.co/Gkwlm6sJPi",Wed Apr 25 15:39:12 +0000 2018,0.0,0.0,0.0,1.0,16
@CNN,Mark Zuckerberg survived 10 hours of grilling by nearly 100 members of Congress. Now he must face Wall Street‚Ä¶ https://t.co/QY0y1Cu1Hj,Wed Apr 25 15:30:13 +0000 2018,0.5106,0.148,0.0,0.852,17
@CNN,"Five national news organizations, including CNN, are asking a federal court to unseal records from the criminal cas‚Ä¶ https://t.co/V7dW7EiLNg",Wed Apr 25 15:20:11 +0000 2018,-0.5267,0.0,0.167,0.833,18
@CNN,"Disney World is hiring 3,500 people ahead of its busy summer season https://t.co/Aru3Hv0XJ9 https://t.co/5bLnWiAfHb",Wed Apr 25 15:11:13 +0000 2018,0.0,0.0,0.0,1.0,19
@CNN,Mick Mulvaney just said the swampiest thing ever | Analysis by @CillizzaCNN https://t.co/JqvghB9kU7 https://t.co/7Uf3jCdvVp,Wed Apr 25 15:10:03 +0000 2018,0.0,0.0,0.0,1.0,20
@CNN,Just how big is the Democratic wave going to be this fall? | Analysis by @CillizzaCNN https://t.co/AgH7lzL5uS https://t.co/weJkHyvq1c,Wed Apr 25 17:50:05 +0000 2018,0.0,0.0,0.0,1.0,21
@CNN,"Former President George H.W. Bush is doing much better, a source close to the Bush family says, days after the 41st‚Ä¶ https://t.co/DxYG0mpzpb",Wed Apr 25 17:40:08 +0000 2018,0.4404,0.127,0.0,0.873,22
@CNN,The Supreme Court has released audio of oral arguments in the challenge of the Trump administration's travel ban:‚Ä¶ https://t.co/2D1HoTS0pF,Wed Apr 25 17:30:06 +0000 2018,0.296,0.208,0.114,0.678,23
@CNN,"Hank Azaria says his ""eyes have been opened"" and he's willing to ""step aside"" from playing his controversial ""Simps‚Ä¶ https://t.co/FScHNbqHI4",Wed Apr 25 17:21:06 +0000 2018,0.0,0.083,0.083,0.833,24
@CNN,A person believed to be the so-called Golden State Killer wanted in a series of homicides and rapes going back deca‚Ä¶ https://t.co/s0nXrAXjGW,Wed Apr 25 17:14:32 +0000 2018,-0.8689,0.0,0.328,0.672,25
@CNN,Nickelodeon is bringing back 'Double Dare' https://t.co/DVCe7PWEBC https://t.co/c4K4nemQ6t,Wed Apr 25 17:00:07 +0000 2018,0.0,0.0,0.0,1.0,26
@CNN,"After a series of high-profile clashes with President Trump, former FBI Director James Comey will answer questions‚Ä¶ https://t.co/VgBSKcSQkl",Wed Apr 25 16:58:10 +0000 2018,0.0,0.0,0.0,1.0,27
@CNN,"Dallas police officer Rogelio Santander died this morning, a day after he was shot at a Home Depot, according to po‚Ä¶ https://t.co/cN2xVuVy3N",Wed Apr 25 16:50:06 +0000 2018,-0.5574,0.0,0.159,0.841,28
@CNN,Amazon has launched a new service in 37 US cities that delivers packages to the trunk of your car‚Ä¶ https://t.co/sjyJyc2rMg,Wed Apr 25 16:50:00 +0000 2018,0.296,0.158,0.0,0.842,29
@CNN,"A new study suggests the atmosphere on the planet Uranus is composed of hydrogen sulfide, the same molecule that ma‚Ä¶ https://t.co/tJhwuXdzDi",Wed Apr 25 16:40:00 +0000 2018,0.0,0.0,0.0,1.0,30
@CNN,"In a week of awful news, these three heroes stepped up https://t.co/IRmO4czPGd https://t.co/AnmqqmL8bA",Wed Apr 25 16:30:15 +0000 2018,0.0772,0.202,0.184,0.613,31
@CNN,The Nashville-area Waffle House where a gunman killed four people over the weekend reopened its doors this morning‚Ä¶ https://t.co/97wOaXpdfK,Wed Apr 25 16:20:07 +0000 2018,-0.6705,0.0,0.209,0.791,32
@CNN,"""My parents came here in search of the American dream... I got into public service to protect that"": More than 90 M‚Ä¶ https://t.co/IIf8anSwm0",Wed Apr 25 16:10:03 +0000 2018,0.3818,0.11,0.0,0.89,33
@CNN,The next wave of teacher walkouts and demonstrations is about to begin. Here's where dissatisfied teachers are taki‚Ä¶ https://t.co/lYYGerHvx7,Wed Apr 25 16:00:12 +0000 2018,-0.5106,0.0,0.202,0.798,34
@CNN,"More than 150 severe bleeding cases, four fatal, have been tied to synthetic cannabinoids use.

Synthetic cannabino‚Ä¶ https://t.co/1OHsldQWH7",Wed Apr 25 15:50:04 +0000 2018,-0.7479,0.0,0.285,0.715,35
@CNN,"French President Emmanuel Macron, addressing a joint session of Congress: ‚ÄúWe have to work together‚Ä¶ let us work to‚Ä¶ https://t.co/Gkwlm6sJPi",Wed Apr 25 15:39:12 +0000 2018,0.0,0.0,0.0,1.0,36
@CNN,Mark Zuckerberg survived 10 hours of grilling by nearly 100 members of Congress. Now he must face Wall Street‚Ä¶ https://t.co/QY0y1Cu1Hj,Wed Apr 25 15:30:13 +0000 2018,0.5106,0.148,0.0,0.852,37
@CNN,"Five national news organizations, including CNN, are asking a federal court to unseal records from the criminal cas‚Ä¶ https://t.co/V7dW7EiLNg",Wed Apr 25 15:20:11 +0000 2018,-0.5267,0.0,0.167,0.833,38
@CNN,"Disney World is hiring 3,500 people ahead of its busy summer season https://t.co/Aru3Hv0XJ9 https://t.co/5bLnWiAfHb",Wed Apr 25 15:11:13 +0000 2018,0.0,0.0,0.0,1.0,39
@CNN,Mick Mulvaney just said the swampiest thing ever | Analysis by @CillizzaCNN https://t.co/JqvghB9kU7 https://t.co/7Uf3jCdvVp,Wed Apr 25 15:10:03 +0000 2018,0.0,0.0,0.0,1.0,40
@CNN,"Despite all the kisses and handshakes, the Trump-Macron bromance isn't impressing the French https://t.co/QSVdjd0fvh https://t.co/ZalbjmxfuD",Wed Apr 25 15:00:14 +0000 2018,0.1154,0.172,0.149,0.679,41
@CNN,French President Emmanuel Macron is addressing a joint meeting of Congress following two days of talks with Preside‚Ä¶ https://t.co/fKefejqUR2,Wed Apr 25 14:56:48 +0000 2018,0.0,0.0,0.0,1.0,42
@CNN,It's a great time to jump into the job market. New hires are getting paid 5% more than they were a year ago‚Ä¶ https://t.co/jG3kjIWu7K,Wed Apr 25 14:50:07 +0000 2018,0.6249,0.163,0.0,0.837,43
@CNN,"""My parents came here in search of the American dream... I got into public service to protect that"": More than 90 M‚Ä¶ https://t.co/KzzWF7EqrH",Wed Apr 25 14:40:06 +0000 2018,0.3818,0.11,0.0,0.89,44
@CNN,Hospitals may soon have to post prices for patients online https://t.co/sT4iOlyYsm https://t.co/yy1IFXxN0K,Wed Apr 25 14:30:05 +0000 2018,0.0,0.0,0.0,1.0,45
@CNN,The Supreme Court is poised to hear arguments on the legality of a third version of Trump's original travel ban and‚Ä¶ https://t.co/VBTbSEmZP3,Wed Apr 25 14:20:09 +0000 2018,0.1531,0.262,0.209,0.53,46
@CNN,"Under 16? Sorry, you're now banned from WhatsApp in Europe https://t.co/H99Dun4jqw https://t.co/t6sQ2PzMZE",Wed Apr 25 14:10:06 +0000 2018,-0.5106,0.0,0.301,0.699,47
@CNN,A man was threatening to jump off an overpass so these truckers parked underneath to break his fall‚Ä¶ https://t.co/5GAJdLjMUk,Wed Apr 25 14:03:58 +0000 2018,-0.5267,0.0,0.167,0.833,48
@CNN,An Indian court has sentenced self-proclaimed Indian spiritual guru Asaram Bapu to life imprisonment for raping a 1‚Ä¶ https://t.co/rXttfrFU6t,Wed Apr 25 13:53:40 +0000 2018,-0.7096,0.0,0.269,0.731,49
@CNN,"For one moment, Trump sounded like he just wanted to walk away from it all | Analysis by @zbyronwolf¬†‚Ä¶ https://t.co/nl48So3fCT",Wed Apr 25 13:43:11 +0000 2018,0.3612,0.122,0.0,0.878,50
@CNN,"RT @CNNnewsroom: Sen. John Tester on VA nominee Ronny Jackson: ""The reports that we have heard is that he treated the people above him very‚Ä¶",Wed Apr 25 13:39:36 +0000 2018,0.0,0.0,0.0,1.0,51
@CNN,Two Dallas police officers and a civilian shot at a Home Depot are fighting for their lives https://t.co/lWFekqNqZv,Wed Apr 25 13:30:04 +0000 2018,-0.3612,0.0,0.143,0.857,52
@CNN,"In a week of awful news, these three heroes stepped up https://t.co/ZYZMbpWCUo https://t.co/PfGyPTvcc7",Wed Apr 25 13:20:13 +0000 2018,0.0772,0.202,0.184,0.613,53
@CNN,Get ready for the world's longest nonstop flight: Almost 20 hours https://t.co/SfRnTYNfO4 https://t.co/3O6pGeH8Fe,Wed Apr 25 13:10:05 +0000 2018,0.3612,0.172,0.0,0.828,54
@CNN,Trump keeps saying the US has spent $7 trillion in the Middle East | Analysis by @zbyronwolf https://t.co/c05Q3Dl7Qy https://t.co/mLpCDB5vpb,Wed Apr 25 13:00:15 +0000 2018,0.0,0.0,0.0,1.0,55
@CNN,Twitter posted its second consecutive profitable quarter ‚Äî and it's adding users https://t.co/Nqbdt9nRmU https://t.co/UT3IekO1Ko,Wed Apr 25 12:50:06 +0000 2018,0.4404,0.195,0.0,0.805,56
@CNN,Melania Trump masters the moment https://t.co/gQz9CrgNRN https://t.co/IQJiKtLzZm,Wed Apr 25 12:40:08 +0000 2018,0.0,0.0,0.0,1.0,57
@CNN,It all started with a phone¬†call. CEO¬†@JulieSweet tells @PoppyHarlowCNN why she took a risk and left her job as par‚Ä¶ https://t.co/BfoIjRj9OV,Wed Apr 25 12:30:07 +0000 2018,-0.2732,0.0,0.095,0.905,58
@CNN,The big legal issue buried in the travel ban case https://t.co/DcCfTXQrt5 https://t.co/GnOcPkmXGn,Wed Apr 25 12:20:00 +0000 2018,-0.4767,0.099,0.238,0.662,59
@CNN,"""My parents came here in search of the American dream... I got into public service to protect that"": More than 90 M‚Ä¶ https://t.co/QyOxCCeVR8",Wed Apr 25 12:10:07 +0000 2018,0.3818,0.11,0.0,0.89,60
@CNN,Stocks are set to fall for the sixth straight day https://t.co/IsWMuuT9cu https://t.co/XovmWIixRR,Wed Apr 25 12:00:05 +0000 2018,0.2263,0.147,0.0,0.853,61
@CNN,Hospitals may soon have to post prices for patients online https://t.co/rZLKQdXNDQ https://t.co/SzeyzyRG4i,Wed Apr 25 11:50:15 +0000 2018,0.0,0.0,0.0,1.0,62
@CNN,Why James Comey is not done with Donald Trump | Analysis by @StCollinson https://t.co/TwOWbOnqXu https://t.co/cwCxfgKTOI,Wed Apr 25 11:40:07 +0000 2018,0.0,0.0,0.0,1.0,63
@CNN,The man accused of killing four people at a Nashville-area Waffle House erased his laptop's hard drive weeks before‚Ä¶ https://t.co/IsuHT9qK8m,Wed Apr 25 11:34:28 +0000 2018,-0.7906,0.0,0.333,0.667,64
@CNN,The Supreme Court is poised to hear arguments on the legality of a third version of Trump's original travel ban and‚Ä¶ https://t.co/M5T3afGtOh,Wed Apr 25 11:20:04 +0000 2018,0.1531,0.262,0.209,0.53,65
@CNN,"Meet the new Gmail, now with disappearing messages https://t.co/f1E4mYXk0u https://t.co/eIoWWTNooq",Wed Apr 25 11:10:05 +0000 2018,0.0,0.0,0.0,1.0,66
@CNN,"RT @NewDay: Trump's travel ban heads to the Supreme Court today. @LauraAJarrett says, ""The big question is: Do they hand Trump a victory th‚Ä¶",Wed Apr 25 11:03:59 +0000 2018,0.4939,0.224,0.118,0.658,67
@CNN,"5 things for Wednesday:

- White House
- Ronny Jackson
- Immigration
- Toronto van attack
- Yemen‚Ä¶ https://t.co/HxVqNxi5Zu",Wed Apr 25 11:00:05 +0000 2018,-0.4767,0.0,0.205,0.795,68
@CNN,A man was threatening to jump off an overpass so these truckers parked underneath to break his fall‚Ä¶ https://t.co/W4hZcHcAuq,Wed Apr 25 10:50:03 +0000 2018,-0.5267,0.0,0.167,0.833,69
@CNN,"During an overseas trip in 2015, Rear Adm. Ronny Jackson, the White House physician, was intoxicated and banged on‚Ä¶ https://t.co/aWwsSkiEr8",Wed Apr 25 10:40:06 +0000 2018,0.0,0.0,0.0,1.0,70
@CNN,An Indian court has sentenced self-proclaimed Indian spiritual guru Asaram Bapu to life imprisonment for raping a 1‚Ä¶ https://t.co/IF9VMjWog0,Wed Apr 25 10:31:31 +0000 2018,-0.7096,0.0,0.269,0.731,71
@CNN,"In a week of awful news, these three heroes stepped up https://t.co/ci4xWmAMXC https://t.co/iOZRwvm5x3",Wed Apr 25 10:17:04 +0000 2018,0.0772,0.202,0.184,0.613,72
@CNN,Toronto police are still trying to determine whether the van attack suspect's frustrations with women contributed t‚Ä¶ https://t.co/5AA9W9chzj,Wed Apr 25 10:10:25 +0000 2018,-0.7269,0.0,0.276,0.724,73
@CNN,Get ready for the world's longest nonstop flight: Almost 20 hours https://t.co/YIIVlBmQoz https://t.co/qfDQFAu1D3,Wed Apr 25 10:00:06 +0000 2018,0.3612,0.172,0.0,0.828,74
@CNN,Another federal judge has overruled the Trump administration's efforts to end the DACA program -- this time saying‚Ä¶ https://t.co/70Tb8fld7H,Wed Apr 25 09:49:04 +0000 2018,0.0,0.0,0.0,1.0,75
@CNN,"Shortly before he allegedly killed 10 pedestrians on Monday, the Toronto van attack suspect may have praised a mass‚Ä¶ https://t.co/9SCiJFeeR6",Wed Apr 25 09:42:06 +0000 2018,-0.765,0.114,0.35,0.536,76
@CNN,MSNBC pushes findings that support Joy Reid's claim of fabricated homophobic blog posts https://t.co/qw34MHG0cs https://t.co/zGQS0geOKr,Wed Apr 25 09:35:03 +0000 2018,0.7579,0.333,0.0,0.667,77
@CNN,The hands did the talking during Macron's visit | GIF analysis by Brenna Williams https://t.co/LnUmXca7tG https://t.co/nsATZSvKhR,Wed Apr 25 09:27:08 +0000 2018,0.0,0.0,0.0,1.0,78
@CNN,These mysterious Arctic ice holes have NASA scientists puzzled https://t.co/d8VOS8eJI5 https://t.co/qHD64X7chI,Wed Apr 25 09:20:03 +0000 2018,-0.1779,0.0,0.145,0.855,79
@CNN,Philadelphia rapper Meek Mill has been released from prison https://t.co/x9hB07b0jU https://t.co/OKBfyCVDC7,Wed Apr 25 09:14:06 +0000 2018,-0.5106,0.0,0.248,0.752,80
@CNN,"Nude butts, crime confessions and bullying: Facebook has clarified exactly what you're not allowed to post, and the‚Ä¶ https://t.co/bCZ6Tfxg46",Wed Apr 25 09:07:04 +0000 2018,-0.8126,0.0,0.303,0.697,81
@CNN,"Busloads of Central American migrants have arrived in the Mexican border city Tijuana, and more are coming.

But it‚Ä¶ https://t.co/qVjwGZz9Qr",Wed Apr 25 08:58:03 +0000 2018,0.0,0.0,0.0,1.0,82
@CNN,"Former FBI Director James Comey's book tour has stirred up some backlash, but one week after the book launch, ""A Hi‚Ä¶ https://t.co/6QaUXxksqy",Wed Apr 25 08:49:05 +0000 2018,0.0,0.0,0.0,1.0,83
@CNN,Democratic Sen. Jon Tester says embattled Veterans Affairs nominee Ronny Jackson was known for handing out prescrip‚Ä¶ https://t.co/B6qCRObcxa,Wed Apr 25 08:42:09 +0000 2018,0.0,0.0,0.0,1.0,84
@CNN,Canada shows the world the right way to face up to evil | By Andrew Cohen via @CNNOpinion https://t.co/22TbvHFis0 https://t.co/O4pSormuD4,Wed Apr 25 08:35:06 +0000 2018,-0.6597,0.0,0.196,0.804,85
@CNN,The complete guest list for President Donald Trump's first state dinner https://t.co/HC0LyKdAwt https://t.co/CfTj6gAqZs,Wed Apr 25 08:27:03 +0000 2018,0.0,0.0,0.0,1.0,86
@CNN,A young US serviceman injured in Afghanistan was the recipient of the world's first successful total penis and scro‚Ä¶ https://t.co/TKIwgSCPcy,Wed Apr 25 08:18:04 +0000 2018,0.2732,0.162,0.115,0.723,87
@CNN,The story behind that viral photo of the past 4 presidents all in the same place https://t.co/2CX3B7ahNY https://t.co/pMzkEGnHkU,Wed Apr 25 08:10:03 +0000 2018,0.0,0.0,0.0,1.0,88
@CNN,Trump keeps saying the US has spent $7 trillion in the Middle East | Analysis by CNN's Z. Byron Wolf‚Ä¶ https://t.co/fDyUfnt4ef,Wed Apr 25 08:03:05 +0000 2018,0.0,0.0,0.0,1.0,89
@CNN,"A judge has approved the release of actress Allison Mack on a $5 million bond, days after the former ""Smallville"" s‚Ä¶ https://t.co/aYTx4SA1di",Wed Apr 25 07:57:02 +0000 2018,0.4215,0.128,0.0,0.872,90
@CNN,"US President Donald Trump on French President Emmanuel Macron: ""They're all saying what a great relationship we hav‚Ä¶ https://t.co/SRlWyomFDE",Wed Apr 25 07:49:23 +0000 2018,0.6249,0.194,0.0,0.806,91
@CNN,Trump is trolling his political enemies with pardons | Analysis by @zbyronwolf¬†https://t.co/cyFiii9LzZ https://t.co/B0jw4TZBiZ,Wed Apr 25 07:42:04 +0000 2018,-0.25,0.134,0.195,0.671,92
@CNN,Cheap wine is about to get a lot more expensive https://t.co/Zt0dLkzNHC https://t.co/CYmQyhbt7U,Wed Apr 25 07:36:04 +0000 2018,0.0,0.0,0.0,1.0,93
@CNN,"""Shoot me in the head!"" the Toronto suspect yelled. The officer refused. https://t.co/LjxKUbROBf",Wed Apr 25 07:29:02 +0000 2018,-0.7263,0.0,0.415,0.585,94
@CNN,Why NRA supporters are blowing up their expensive YETI coolers https://t.co/utbHZGJhjC https://t.co/ZjGGlzvgpx,Wed Apr 25 07:22:05 +0000 2018,0.4404,0.209,0.0,0.791,95
@CNN,Melania Trump masters the moment https://t.co/Ul4xsk4Rhq https://t.co/pQrJeHkh7e,Wed Apr 25 07:14:02 +0000 2018,0.0,0.0,0.0,1.0,96
@CNN,"During an overseas trip in 2015, Rear Adm. Ronny Jackson, the White House physician, was intoxicated and banged on‚Ä¶ https://t.co/IuCrReGT15",Wed Apr 25 07:06:04 +0000 2018,0.0,0.0,0.0,1.0,97
@CNN,Student-run publications band together for a #SaveStudentNewsrooms campaign https://t.co/fEc3cITQB2 https://t.co/FDJf7105eY,Wed Apr 25 06:59:07 +0000 2018,0.0,0.0,0.0,1.0,98
@CNN,A video animation detailing the Parkland shooter's path through the school was played during a meeting of the Marjo‚Ä¶ https://t.co/h9gSI7QuM4,Wed Apr 25 06:52:04 +0000 2018,0.34,0.124,0.0,0.876,99
@CNN,"A teen made a ""promposal"" that included a joke that ""if I was black I'd be picking cotton."" It immediately sparked‚Ä¶ https://t.co/LNSLGSrsxx",Wed Apr 25 06:46:03 +0000 2018,0.296,0.115,0.0,0.885,100
@FoxNews,"Morgan Freeman's step-granddaughter spoke about 'grandpa feelings' before her murder, text messages reveal https://t.co/5CNpYodKtb",Wed Apr 25 17:45:07 +0000 2018,-0.6908,0.0,0.266,0.734,1
@FoxNews,".@SenatorCardin: ""I opposed the Iran Deal, but I think it would be a mistake for the United States to unilaterally‚Ä¶ https://t.co/x6RiQetFrA",Wed Apr 25 17:32:16 +0000 2018,0.1531,0.155,0.13,0.714,2
@FoxNews,Ronan Farrow says Hillary Clinton almost bailed on scheduled interview over his Harvey Weinstein reporting https://t.co/VRQ9PKT8Y7,Wed Apr 25 17:27:39 +0000 2018,0.0,0.0,0.0,1.0,3
@FoxNews,"Golden State Killer suspect arrested in California, reports say (via @RyanGaydos) https://t.co/IYMoCkcKAO",Wed Apr 25 17:21:53 +0000 2018,-0.8625,0.0,0.516,0.484,4
@FoxNews,".@RepMikeCoffman: ""If [Ronny Jackson's] not going to be tough in cleaning house, he will fail in this job.""‚Ä¶ https://t.co/XSMqOXz679",Wed Apr 25 17:20:53 +0000 2018,-0.6124,0.0,0.227,0.773,5
@FoxNews,Government's war on pizza? Looming ObamaCare menu rule has restaurant owners worried https://t.co/21i2aIlVbm,Wed Apr 25 17:06:53 +0000 2018,-0.765,0.0,0.432,0.568,6
@FoxNews,"MUST SEE: Tune in to @BretBaier's interview with former FBI Director James @Comey, Thursday at 6p ET on Fox News Ch‚Ä¶ https://t.co/XdTnldazhO",Wed Apr 25 17:00:00 +0000 2018,0.0,0.0,0.0,1.0,7
@FoxNews,Truckers line up under Michigan overpass to save suicidal man who threatened to jump (via @travfed)  https://t.co/0NRG8jP9gX,Wed Apr 25 16:55:00 +0000 2018,-0.6486,0.13,0.304,0.567,8
@FoxNews,"Moments ago, in a tweet-storm assailing ""traditional thinkers"" and praising ""free thinkers,"" music icon @kanyewest‚Ä¶ https://t.co/A2Kt6selNG",Wed Apr 25 16:46:42 +0000 2018,0.7783,0.343,0.0,0.657,9
@FoxNews,Florida fisherman catches 120-pound ‚Äògranddaddy of all catfish' (via @MaddieFarberUDK)   https://t.co/1gynS39UJ8,Wed Apr 25 16:44:00 +0000 2018,0.0,0.0,0.0,1.0,10
@FoxNews,"Marie Harf: ""Republicans are having to spend money in places that they shouldn't have to."" #Outnumbered https://t.co/Mph5dD4NJ7",Wed Apr 25 16:37:04 +0000 2018,0.0,0.0,0.0,1.0,11
@FoxNews,".@MelissaAFrancis: ""There is a lot of energy on both sides. Everybody is fired up."" #Outnumbered https://t.co/LWiiXAqmCx",Wed Apr 25 16:30:10 +0000 2018,-0.3612,0.112,0.193,0.695,12
@FoxNews,Customer in cowboy hat helps thwart armed robbery at Monterrey butcher shop (via @luciasuarezsang)  https://t.co/siA4vwuo0r,Wed Apr 25 16:30:02 +0000 2018,0.3818,0.157,0.0,0.843,13
@FoxNews,".@MelissaAFrancis: ""We've made no headway on the VA... These are service-men and women who deserve the best care.""‚Ä¶ https://t.co/pnDJV3cGbU",Wed Apr 25 16:24:08 +0000 2018,0.4588,0.179,0.094,0.726,14
@FoxNews,"Under Macron, France nudges out Britain as Trump's favored ally (via @AdamShawNY)  https://t.co/Mn314eKiTg",Wed Apr 25 16:16:00 +0000 2018,0.4215,0.189,0.0,0.811,15
@FoxNews,".@Judgenap: ""The government says that Congress has given @POTUS the ability to suspend immigration from any country‚Ä¶ https://t.co/AsW88SwVhQ",Wed Apr 25 16:09:47 +0000 2018,0.0,0.112,0.112,0.777,16
@FoxNews,Supreme Court hears arguments on @POTUS's travel ban; @ShannonBream reports. https://t.co/4jDoKYg2hU,Wed Apr 25 16:03:07 +0000 2018,-0.4019,0.201,0.352,0.447,17
@FoxNews,"Moments ago, former President @GeorgeHWBush tweeted a thanks to those who helped facilitate his late wife's funeral. https://t.co/dudjDmiDUG",Wed Apr 25 15:59:29 +0000 2018,0.1027,0.142,0.123,0.735,18
@FoxNews,"Maine officer shot and killed by suspect who stole his car, robbed store (via @travfed)  https://t.co/x7iDKJ6Hga",Wed Apr 25 15:47:39 +0000 2018,-0.7717,0.0,0.324,0.676,19
@FoxNews,Video shows ex-Clinton aide in profanity-laced confrontation with cops https://t.co/g6gorhmYAM,Wed Apr 25 15:44:51 +0000 2018,-0.3182,0.0,0.204,0.796,20
@FoxNews,"Morgan Freeman's step-granddaughter spoke about 'grandpa feelings' before her murder, text messages reveal https://t.co/5CNpYodKtb",Wed Apr 25 17:45:07 +0000 2018,-0.6908,0.0,0.266,0.734,21
@FoxNews,".@SenatorCardin: ""I opposed the Iran Deal, but I think it would be a mistake for the United States to unilaterally‚Ä¶ https://t.co/x6RiQetFrA",Wed Apr 25 17:32:16 +0000 2018,0.1531,0.155,0.13,0.714,22
@FoxNews,Ronan Farrow says Hillary Clinton almost bailed on scheduled interview over his Harvey Weinstein reporting https://t.co/VRQ9PKT8Y7,Wed Apr 25 17:27:39 +0000 2018,0.0,0.0,0.0,1.0,23
@FoxNews,"Golden State Killer suspect arrested in California, reports say (via @RyanGaydos) https://t.co/IYMoCkcKAO",Wed Apr 25 17:21:53 +0000 2018,-0.8625,0.0,0.516,0.484,24
@FoxNews,".@RepMikeCoffman: ""If [Ronny Jackson's] not going to be tough in cleaning house, he will fail in this job.""‚Ä¶ https://t.co/XSMqOXz679",Wed Apr 25 17:20:53 +0000 2018,-0.6124,0.0,0.227,0.773,25
@FoxNews,Government's war on pizza? Looming ObamaCare menu rule has restaurant owners worried https://t.co/21i2aIlVbm,Wed Apr 25 17:06:53 +0000 2018,-0.765,0.0,0.432,0.568,26
@FoxNews,"MUST SEE: Tune in to @BretBaier's interview with former FBI Director James @Comey, Thursday at 6p ET on Fox News Ch‚Ä¶ https://t.co/XdTnldazhO",Wed Apr 25 17:00:00 +0000 2018,0.0,0.0,0.0,1.0,27
@FoxNews,Truckers line up under Michigan overpass to save suicidal man who threatened to jump (via @travfed)  https://t.co/0NRG8jP9gX,Wed Apr 25 16:55:00 +0000 2018,-0.6486,0.13,0.304,0.567,28
@FoxNews,"Moments ago, in a tweet-storm assailing ""traditional thinkers"" and praising ""free thinkers,"" music icon @kanyewest‚Ä¶ https://t.co/A2Kt6selNG",Wed Apr 25 16:46:42 +0000 2018,0.7783,0.343,0.0,0.657,29
@FoxNews,Florida fisherman catches 120-pound ‚Äògranddaddy of all catfish' (via @MaddieFarberUDK)   https://t.co/1gynS39UJ8,Wed Apr 25 16:44:00 +0000 2018,0.0,0.0,0.0,1.0,30
@FoxNews,"Marie Harf: ""Republicans are having to spend money in places that they shouldn't have to."" #Outnumbered https://t.co/Mph5dD4NJ7",Wed Apr 25 16:37:04 +0000 2018,0.0,0.0,0.0,1.0,31
@FoxNews,".@MelissaAFrancis: ""There is a lot of energy on both sides. Everybody is fired up."" #Outnumbered https://t.co/LWiiXAqmCx",Wed Apr 25 16:30:10 +0000 2018,-0.3612,0.112,0.193,0.695,32
@FoxNews,Customer in cowboy hat helps thwart armed robbery at Monterrey butcher shop (via @luciasuarezsang)  https://t.co/siA4vwuo0r,Wed Apr 25 16:30:02 +0000 2018,0.3818,0.157,0.0,0.843,33
@FoxNews,".@MelissaAFrancis: ""We've made no headway on the VA... These are service-men and women who deserve the best care.""‚Ä¶ https://t.co/pnDJV3cGbU",Wed Apr 25 16:24:08 +0000 2018,0.4588,0.179,0.094,0.726,34
@FoxNews,"Under Macron, France nudges out Britain as Trump's favored ally (via @AdamShawNY)  https://t.co/Mn314eKiTg",Wed Apr 25 16:16:00 +0000 2018,0.4215,0.189,0.0,0.811,35
@FoxNews,".@Judgenap: ""The government says that Congress has given @POTUS the ability to suspend immigration from any country‚Ä¶ https://t.co/AsW88SwVhQ",Wed Apr 25 16:09:47 +0000 2018,0.0,0.112,0.112,0.777,36
@FoxNews,Supreme Court hears arguments on @POTUS's travel ban; @ShannonBream reports. https://t.co/4jDoKYg2hU,Wed Apr 25 16:03:07 +0000 2018,-0.4019,0.201,0.352,0.447,37
@FoxNews,"Moments ago, former President @GeorgeHWBush tweeted a thanks to those who helped facilitate his late wife's funeral. https://t.co/dudjDmiDUG",Wed Apr 25 15:59:29 +0000 2018,0.1027,0.142,0.123,0.735,38
@FoxNews,"Maine officer shot and killed by suspect who stole his car, robbed store (via @travfed)  https://t.co/x7iDKJ6Hga",Wed Apr 25 15:47:39 +0000 2018,-0.7717,0.0,0.324,0.676,39
@FoxNews,Video shows ex-Clinton aide in profanity-laced confrontation with cops https://t.co/g6gorhmYAM,Wed Apr 25 15:44:51 +0000 2018,-0.3182,0.0,0.204,0.796,40
@FoxNews,".@EmmanuelMacron: ""Long live the friendship between France and the United States of America!"" https://t.co/UceG3bsTTW",Wed Apr 25 15:40:44 +0000 2018,0.7177,0.333,0.0,0.667,41
@FoxNews,".@EmmanuelMacron: ""What we cherish is at stake. What we love is in danger. We have no choice but to prevail and tog‚Ä¶ https://t.co/PbPCOnFs4T",Wed Apr 25 15:40:07 +0000 2018,0.1531,0.162,0.14,0.699,42
@FoxNews,".@EmmanuelMacron: ""Better than anyone, our troops, I think, know what the alliance and friendship between our count‚Ä¶ https://t.co/nyDyvGKXHG",Wed Apr 25 15:37:51 +0000 2018,0.7003,0.279,0.0,0.721,43
@FoxNews,".@EmmanuelMacron: ""The United States and France together with the United Kingdom acted to destroy chemical faciliti‚Ä¶ https://t.co/VxAePI2jLl",Wed Apr 25 15:36:06 +0000 2018,0.2732,0.242,0.152,0.606,44
@FoxNews,".@EmmanuelMacron: ""France will not leave the JCPOA, because we signed it."" https://t.co/Jxmjk3NnoU",Wed Apr 25 15:33:28 +0000 2018,0.0382,0.095,0.0,0.905,45
@FoxNews,".@EmmanuelMacron: ""Iran shall never possess any nuclear weapons. Not now. Not in 5 years. Not in 10 years. Never."" https://t.co/scFSz3pTTQ",Wed Apr 25 15:30:46 +0000 2018,-0.4404,0.0,0.139,0.861,46
@FoxNews,It's the interview America's been waiting for -- Former FBI Director James @Comey sits down with @BretBaier on Fox‚Ä¶ https://t.co/5bZjIwXpLD,Wed Apr 25 15:30:01 +0000 2018,0.0,0.0,0.0,1.0,47
@FoxNews,".@EmmanuelMacron: ""To protect our democracies, we have to fight against the ever-growing virus of fake news."" https://t.co/6uvSazFD3n",Wed Apr 25 15:27:46 +0000 2018,-0.4767,0.117,0.256,0.628,48
@FoxNews,".@EmmanuelMacron: ""I'm sure one day the United States will come back and join the Paris Agreement."" https://t.co/EjsOqKhPqS",Wed Apr 25 15:26:40 +0000 2018,0.743,0.343,0.0,0.657,49
@FoxNews,".@EmmanuelMacron: ""There is no Planet B."" https://t.co/MQVgViHDL1",Wed Apr 25 15:24:56 +0000 2018,-0.296,0.0,0.268,0.732,50
@FoxNews,".@EmmanuelMacron: ""I believe in building a better future for our children which requires offering them a planet tha‚Ä¶ https://t.co/WBGDE8kZkQ",Wed Apr 25 15:23:10 +0000 2018,0.4404,0.153,0.0,0.847,51
@FoxNews,".@EmmanuelMacron: ""Our middle classes are the backbone of our democracies."" https://t.co/6GjnNKp9Hb",Wed Apr 25 15:22:15 +0000 2018,0.0,0.0,0.0,1.0,52
@FoxNews,".@EmmanuelMacron: ""We need a free and fair trade for sure."" https://t.co/5PjdKeZfFo",Wed Apr 25 15:19:40 +0000 2018,0.6808,0.412,0.0,0.588,53
@FoxNews,".@EmmanuelMacron: ""I believe in the liberation of the individual and in the freedom and responsibility of everyone‚Ä¶ https://t.co/6P8VvgshJK",Wed Apr 25 15:18:40 +0000 2018,0.6369,0.198,0.0,0.802,54
@FoxNews,".@EmmanuelMacron: ""Human rights, the rights of minorities, and shared liberty are the true answers to the disorders‚Ä¶ https://t.co/r0LaKBDUvx",Wed Apr 25 15:17:22 +0000 2018,0.8225,0.364,0.0,0.636,55
@FoxNews,".@EmmanuelMacron: ""We can build the 21st century world order based on a new breed of multilateralism, based on a mo‚Ä¶ https://t.co/SWwhSGEBt9",Wed Apr 25 15:15:52 +0000 2018,0.0,0.0,0.0,1.0,56
@FoxNews,".@EmmanuelMacron: ""Personally, if you ask me, I do not share the fascination for new strong powers, the abandonment‚Ä¶ https://t.co/zdcRXx1GWp",Wed Apr 25 15:14:13 +0000 2018,-0.0557,0.145,0.198,0.657,57
@FoxNews,".@EmmanuelMacron: ""Today, the international community needs to step up our game and build the 21st century world or‚Ä¶ https://t.co/q85MgGBrn8",Wed Apr 25 15:13:05 +0000 2018,0.0,0.0,0.0,1.0,58
@FoxNews,".@EmmanuelMacron: ""We elected officials all share the responsibility to demonstrate the democracy remains the best‚Ä¶ https://t.co/XQ7Fgx0sTj",Wed Apr 25 15:11:33 +0000 2018,0.296,0.128,0.0,0.872,59
@FoxNews,"JUST IN: Dallas Police Officer Rogelio Santander died Wednesday, a day after he was shot at a Home Depot, the city'‚Ä¶ https://t.co/O9Q5Vw2Tdb",Wed Apr 25 15:11:08 +0000 2018,-0.5574,0.0,0.159,0.841,60
@FoxNews,".@EmmanuelMacron: ""We must remember the warning of President Theodore Roosevelt: Freedom is never more than one gen‚Ä¶ https://t.co/tH2pVSBrfV",Wed Apr 25 15:09:48 +0000 2018,0.4215,0.186,0.106,0.708,61
@FoxNews,".@EmmanuelMacron: ""The United States is France's first scientific partner. Our economic ties create hundreds of tho‚Ä¶ https://t.co/0ga4798jAC",Wed Apr 25 15:07:50 +0000 2018,0.5994,0.246,0.0,0.754,62
@FoxNews,".@EmmanuelMacron: ""Women's rights have long been a fundamental driver for our societies on both sides of the Atlant‚Ä¶ https://t.co/2B8j3RNNOO",Wed Apr 25 15:04:51 +0000 2018,0.0,0.0,0.0,1.0,63
@FoxNews,".@EmmanuelMacron: ""African-American leaders, artists, writers... have become a part of our common heritage. We cele‚Ä¶ https://t.co/cY9w9EQnRE",Wed Apr 25 15:03:51 +0000 2018,0.0,0.0,0.0,1.0,64
@FoxNews,".@EmmanuelMacron: ""We stand together in Syria."" https://t.co/a2xjPVfLVs",Wed Apr 25 15:01:01 +0000 2018,0.0,0.0,0.0,1.0,65
@FoxNews,".@EmmanuelMacron: ""Since 1776, we, the American and French people, have had a rendezvous with freedom."" https://t.co/edJDuShtp8",Wed Apr 25 14:59:26 +0000 2018,0.0,0.0,0.0,1.0,66
@FoxNews,".@EmmanuelMacron: ""The strength of our bonds is the source of our shared ideals."" https://t.co/bQagN9N87z",Wed Apr 25 14:57:22 +0000 2018,0.6808,0.318,0.0,0.682,67
@FoxNews,".@EmmanuelMacron: ""Let me thank @POTUS and @FLOTUS for this wonderful invitation to my wife and to myself."" https://t.co/ZdTZN33nU0",Wed Apr 25 14:56:26 +0000 2018,0.783,0.301,0.0,0.699,68
@FoxNews,".@EmmanuelMacron: ""[Benjamin Franklin and Voltaire] embraced each other by hugging one another in their arms and ki‚Ä¶ https://t.co/zzirxEyiWB",Wed Apr 25 14:55:27 +0000 2018,0.4215,0.141,0.0,0.859,69
@FoxNews,".@EmmanuelMacron: ""We have fought shoulder to shoulder in many battles... We have worked together for the universal‚Ä¶ https://t.co/IWw6pKybfq",Wed Apr 25 14:54:07 +0000 2018,-0.3182,0.0,0.119,0.881,70
@FoxNews,".@EmmanuelMacron: ""France has participated with heart in hand in the story of this great nation from the very begin‚Ä¶ https://t.co/RojtRTdIUW",Wed Apr 25 14:53:24 +0000 2018,0.8432,0.31,0.0,0.69,71
@FoxNews,".@EmmanuelMacron: ""It is an honor for France, for the French people, and for me to be received in this sanctuary of‚Ä¶ https://t.co/7cHbMoq0ax",Wed Apr 25 14:52:47 +0000 2018,0.4939,0.132,0.0,0.868,72
@FoxNews,MOMENTS AWAY: French President @EmmanuelMacron's address before a joint meeting of Congress - For full live coverag‚Ä¶ https://t.co/rQ5YDwRMpd,Wed Apr 25 14:49:20 +0000 2018,0.0,0.0,0.0,1.0,73
@FoxNews,".@PressSec: ""Washington has become so broken that they focus so much on destroying people."" https://t.co/p4mme5B0qa",Wed Apr 25 14:42:00 +0000 2018,-0.834,0.0,0.377,0.623,74
@FoxNews,".@marcthiessen: ""I never thought I'd see the day where our greatest ally in Europe was France... I'm old enough to‚Ä¶ https://t.co/LewvSUB8QK",Wed Apr 25 14:36:36 +0000 2018,0.6369,0.174,0.0,0.826,75
@FoxNews,MOMENTS AWAY: French President @EmmanuelMacron's address before a joint meeting of Congress - For full live coverag‚Ä¶ https://t.co/NXGp9GlKRw,Wed Apr 25 14:32:42 +0000 2018,0.0,0.0,0.0,1.0,76
@FoxNews,French President @EmmanuelMacron addresses a Joint Meeting of Congress. https://t.co/pUKypiJhXS,Wed Apr 25 14:29:31 +0000 2018,0.0,0.0,0.0,1.0,77
@FoxNews,"Moments ago, President @realDonaldTrump praised @FLOTUS Melania Trump for her ""spectacular job"" hosting French Pres‚Ä¶ https://t.co/oMVNfW7cxS",Wed Apr 25 14:28:31 +0000 2018,0.4939,0.176,0.0,0.824,78
@FoxNews,"HAPPENING NOW: Manhunt underway after sheriff's deputy killed, suspect considered armed and dangerous.‚Ä¶ https://t.co/dxzQ6CKYMn",Wed Apr 25 14:23:19 +0000 2018,-0.7717,0.0,0.358,0.642,79
@FoxNews,JUST IN: Maine officer shot and killed responding to robbery https://t.co/x7iDKJ6Hga,Wed Apr 25 14:07:24 +0000 2018,-0.6705,0.0,0.31,0.69,80
@FoxNews,".@SenatorRounds: ""I hope Mr. Jackson is able to survive this challenge, but nonetheless, we have to do our job."" https://t.co/xXNDJyMl4d",Wed Apr 25 14:02:54 +0000 2018,0.2818,0.148,0.0,0.852,81
@FoxNews,".@RandPaul: ""I sincerely am trying to end these wars. I'm trying to get them over - and I'll do what it takes."" https://t.co/8wkS6uvDl1",Wed Apr 25 13:57:41 +0000 2018,-0.128,0.116,0.135,0.749,82
@FoxNews,Documents provided to Fox News show Dr. Ronny Jackson received glowing praise for his work as White House physician‚Ä¶ https://t.co/bq35LJozTq,Wed Apr 25 13:55:43 +0000 2018,0.5574,0.159,0.0,0.841,83
@FoxNews,Customer in cowboy hat helps thwart armed robbery at a Monterrey butcher shop https://t.co/V0Wl4Wr7s1,Wed Apr 25 13:45:00 +0000 2018,0.3818,0.178,0.0,0.822,84
@FoxNews,"RT @FoxBusiness: A new Melania Trump exhibit at @MadameTussauds in New York opens today, and Fox Business got an exclusive preview. https:/‚Ä¶",Wed Apr 25 13:40:50 +0000 2018,0.128,0.07,0.0,0.93,85
@FoxNews,.@michellemalkin on @foxandfriends: ‚ÄúIt has to be comprehensive immigration enforcement reform that we adopt.‚Äù https://t.co/LFyCto3KNG,Wed Apr 25 13:38:52 +0000 2018,0.25,0.125,0.0,0.875,86
@FoxNews,'Simpsons' star Hank Azaria says he's 'willing' to step aside amid Apu controversy https://t.co/bs6yw6oO1u,Wed Apr 25 13:35:53 +0000 2018,0.0,0.0,0.0,1.0,87
@FoxNews,Finland to end its universal basic income program by year's end https://t.co/SZUgvw7SbC,Wed Apr 25 13:35:23 +0000 2018,0.0,0.0,0.0,1.0,88
@FoxNews,"Reparations, income handouts, guaranteed jobs: Dems tilt hard left with new pet projects https://t.co/WT8R4RPnTb",Wed Apr 25 13:23:45 +0000 2018,-0.1027,0.0,0.097,0.903,89
@FoxNews,"Dallas police officer in 'grave condition,' another 'critical' after Home Depot shooting, official says (via‚Ä¶ https://t.co/SmFBoBeBDt",Wed Apr 25 12:53:51 +0000 2018,-0.3818,0.0,0.148,0.852,90
@FoxNews,.@kayleighmcenany: ‚ÄúThe Trump economy is about empowering the American taxpayer.‚Äù https://t.co/Qkb6d3y7Zz,Wed Apr 25 12:46:26 +0000 2018,0.0,0.0,0.0,1.0,91
@FoxNews,".@JessicaTarlov: ‚ÄúGo for the economy and healthcare, not Trump impeachment.‚Äù https://t.co/ZYC1Nc13uH",Wed Apr 25 12:43:42 +0000 2018,0.0,0.0,0.0,1.0,92
@FoxNews,Who is Debbie Lesko? 3 things to know about Arizona's newest congresswoman https://t.co/9sWbGcRbqo,Wed Apr 25 12:38:01 +0000 2018,0.0,0.0,0.0,1.0,93
@FoxNews,Kim Wall killer Peter Madsen sentenced to life in prison (via @travfed)  https://t.co/lodIfqZV1n,Wed Apr 25 12:25:00 +0000 2018,-0.8271,0.0,0.465,0.535,94
@FoxNews,Alfie Evans' family loses appeal to transport terminally ill British toddler to Rome https://t.co/Zx1Sz5xYQR,Wed Apr 25 12:24:30 +0000 2018,-0.6249,0.0,0.298,0.702,95
@FoxNews,Officers stand guard during a memorial service for Gilchrist County sheriff's officers Sgt. Noel Ramirez and Deputy‚Ä¶ https://t.co/ZtOgtZcOGI,Wed Apr 25 11:54:00 +0000 2018,0.0,0.0,0.0,1.0,96
@FoxNews,"Kanye West  abruptly fires manager Scooter Braun, fears about his health emerge https://t.co/Rlz63J4JOu",Wed Apr 25 11:48:53 +0000 2018,-0.4215,0.0,0.189,0.811,97
@FoxNews,.@seanspicer: ‚ÄúThe first lady knocked it out of the park again. What an amazing state dinner.‚Äù https://t.co/nsh3Zf5WhB,Wed Apr 25 11:44:29 +0000 2018,0.5859,0.192,0.0,0.808,98
@FoxNews,Feds studying adding warning labels to soda https://t.co/ocpzGEX5U0,Wed Apr 25 11:23:15 +0000 2018,-0.34,0.0,0.255,0.745,99
@FoxNews,'Schoolhouse Rock' musical director Bob Dorough dies at 94 https://t.co/kXUKTZmBvc,Wed Apr 25 11:13:35 +0000 2018,0.0,0.0,0.0,1.0,100
@nytimes,Alcohol abuse among some in the Federal Air Marshal Service is so rampant that the TSA has had to monitor whether t‚Ä¶ https://t.co/QdsoQL8MUW,Wed Apr 25 17:45:06 +0000 2018,-0.6369,0.0,0.16,0.84,1
@nytimes,RT @EricLiptonNYT: JUST POSTED: Internal EPA document obtained by NYT details key strategy for Scott Pruitt as he faces two House hearings‚Ä¶,Wed Apr 25 17:34:10 +0000 2018,0.0,0.0,0.0,1.0,2
@nytimes,"""Avengers: Infinity War"" makes little sense on its own, our critic writes. But the cosmos belongs to Marvel now. We‚Ä¶ https://t.co/Kz5cWns0JS",Wed Apr 25 17:30:06 +0000 2018,-0.4939,0.104,0.224,0.672,3
@nytimes,"A Dallas police officer died one day after he, another officer and a store security guard were shot at a Home Depot https://t.co/EfNrM8q72N",Wed Apr 25 17:26:10 +0000 2018,-0.296,0.1,0.15,0.75,4
@nytimes,"RT @MichaelPaulson: Sara Krulwich, a pioneering theater photographer for @nytimes, is being recognized by @TheTonyAwards with a 2018 Tony H‚Ä¶",Wed Apr 25 17:22:06 +0000 2018,0.0,0.0,0.0,1.0,5
@nytimes,One of the greatest living English playwrights hasn't granted a real interview in decades. But she's ready to talk‚Ä¶ https://t.co/LA1PXkC2nH,Wed Apr 25 17:15:07 +0000 2018,0.7149,0.274,0.071,0.655,6
@nytimes,"Madonna has lost a legal battle to prevent the auction of a letter from her former boyfriend, the rapper Tupac Shak‚Ä¶ https://t.co/InKOc4vh3j",Wed Apr 25 16:59:31 +0000 2018,-0.5106,0.111,0.209,0.681,7
@nytimes,"‚ÄúThe idea that anyone, young or old, past or present, was bullied or teased based on the character of Apu, it just‚Ä¶ https://t.co/5zBHHYfqvT",Wed Apr 25 16:50:08 +0000 2018,-0.743,0.0,0.231,0.769,8
@nytimes,"Breaking News: A suspect was arrested in the case of the Golden State Killer, the serial murderer and rapist who te‚Ä¶ https://t.co/U5LpRcq5nr",Wed Apr 25 16:41:32 +0000 2018,-0.9643,0.0,0.544,0.456,9
@nytimes,Here are the most biting comments NFL owners made about President Trump https://t.co/872FBzLfBo,Wed Apr 25 16:34:31 +0000 2018,0.0,0.0,0.0,1.0,10
@nytimes,"Philadelphia Eagles defensive end Chris Long, on Colin Kaepernick: ‚ÄúWe all agree in this room as players that he sh‚Ä¶ https://t.co/sCLeUEslD7",Wed Apr 25 16:32:29 +0000 2018,0.3818,0.159,0.0,0.841,11
@nytimes,The Buffalo Bills owner Terry Pegula said he thought the league was battling a perception and ‚Äúmedia problem‚Äù‚Ä¶ https://t.co/H8P5FfTnwQ,Wed Apr 25 16:31:02 +0000 2018,-0.2732,0.0,0.11,0.89,12
@nytimes,"The Houston Texans owner Bob McNair urged the players to tell their colleagues to, essentially, knock off the kneel‚Ä¶ https://t.co/ghnQAWBj2g",Wed Apr 25 16:25:25 +0000 2018,0.0,0.0,0.0,1.0,13
@nytimes,The owners were particularly eager to find a way to avoid further public rebukes from Trump https://t.co/872FBzLfBo https://t.co/TNMsN5Cyrh,Wed Apr 25 16:20:19 +0000 2018,0.1513,0.14,0.11,0.75,14
@nytimes,Exclusive: NFL owners and players discussed President Trump and Colin Kaepernick at a private meeting in October. T‚Ä¶ https://t.co/BshkPnlg0S,Wed Apr 25 16:15:05 +0000 2018,0.128,0.081,0.0,0.919,15
@nytimes,Breaking News: The Supreme Court heard a challenge to the Trump travel ban. The arguments suggested there aren't 5‚Ä¶ https://t.co/PVsKVMM5K7,Wed Apr 25 16:06:29 +0000 2018,-0.34,0.187,0.24,0.573,16
@nytimes,"Marine Lance Cpl. Maximilian Uriarte draws all of his comics by hand, using digital devices and software https://t.co/Tp53kSKhVm",Wed Apr 25 16:01:52 +0000 2018,0.4939,0.158,0.0,0.842,17
@nytimes,The Marine Corps likes to present itself with dutiful seriousness. @TerminalLance is a counterpoint to that. It is‚Ä¶ https://t.co/Oc77xAiYF1,Wed Apr 25 16:00:19 +0000 2018,0.3818,0.14,0.06,0.8,18
@nytimes,What started out as a relaxing day at a Pennsylvania golf course turned into an ugly confrontation https://t.co/f6Tg03mu6U,Wed Apr 25 15:50:03 +0000 2018,-0.34,0.147,0.257,0.596,19
@nytimes,"Bill Cosby‚Äôs first trial ended in a hung jury last June. As the jury in his retrial begins deliberations today, her‚Ä¶ https://t.co/X17z8o84zs",Wed Apr 25 15:40:02 +0000 2018,0.0,0.0,0.0,1.0,20
@nytimes,Alcohol abuse among some in the Federal Air Marshal Service is so rampant that the TSA has had to monitor whether t‚Ä¶ https://t.co/QdsoQL8MUW,Wed Apr 25 17:45:06 +0000 2018,-0.6369,0.0,0.16,0.84,21
@nytimes,RT @EricLiptonNYT: JUST POSTED: Internal EPA document obtained by NYT details key strategy for Scott Pruitt as he faces two House hearings‚Ä¶,Wed Apr 25 17:34:10 +0000 2018,0.0,0.0,0.0,1.0,22
@nytimes,"""Avengers: Infinity War"" makes little sense on its own, our critic writes. But the cosmos belongs to Marvel now. We‚Ä¶ https://t.co/Kz5cWns0JS",Wed Apr 25 17:30:06 +0000 2018,-0.4939,0.104,0.224,0.672,23
@nytimes,"A Dallas police officer died one day after he, another officer and a store security guard were shot at a Home Depot https://t.co/EfNrM8q72N",Wed Apr 25 17:26:10 +0000 2018,-0.296,0.1,0.15,0.75,24
@nytimes,"RT @MichaelPaulson: Sara Krulwich, a pioneering theater photographer for @nytimes, is being recognized by @TheTonyAwards with a 2018 Tony H‚Ä¶",Wed Apr 25 17:22:06 +0000 2018,0.0,0.0,0.0,1.0,25
@nytimes,One of the greatest living English playwrights hasn't granted a real interview in decades. But she's ready to talk‚Ä¶ https://t.co/LA1PXkC2nH,Wed Apr 25 17:15:07 +0000 2018,0.7149,0.274,0.071,0.655,26
@nytimes,"Madonna has lost a legal battle to prevent the auction of a letter from her former boyfriend, the rapper Tupac Shak‚Ä¶ https://t.co/InKOc4vh3j",Wed Apr 25 16:59:31 +0000 2018,-0.5106,0.111,0.209,0.681,27
@nytimes,"‚ÄúThe idea that anyone, young or old, past or present, was bullied or teased based on the character of Apu, it just‚Ä¶ https://t.co/5zBHHYfqvT",Wed Apr 25 16:50:08 +0000 2018,-0.743,0.0,0.231,0.769,28
@nytimes,"Breaking News: A suspect was arrested in the case of the Golden State Killer, the serial murderer and rapist who te‚Ä¶ https://t.co/U5LpRcq5nr",Wed Apr 25 16:41:32 +0000 2018,-0.9643,0.0,0.544,0.456,29
@nytimes,Here are the most biting comments NFL owners made about President Trump https://t.co/872FBzLfBo,Wed Apr 25 16:34:31 +0000 2018,0.0,0.0,0.0,1.0,30
@nytimes,"Philadelphia Eagles defensive end Chris Long, on Colin Kaepernick: ‚ÄúWe all agree in this room as players that he sh‚Ä¶ https://t.co/sCLeUEslD7",Wed Apr 25 16:32:29 +0000 2018,0.3818,0.159,0.0,0.841,31
@nytimes,The Buffalo Bills owner Terry Pegula said he thought the league was battling a perception and ‚Äúmedia problem‚Äù‚Ä¶ https://t.co/H8P5FfTnwQ,Wed Apr 25 16:31:02 +0000 2018,-0.2732,0.0,0.11,0.89,32
@nytimes,"The Houston Texans owner Bob McNair urged the players to tell their colleagues to, essentially, knock off the kneel‚Ä¶ https://t.co/ghnQAWBj2g",Wed Apr 25 16:25:25 +0000 2018,0.0,0.0,0.0,1.0,33
@nytimes,The owners were particularly eager to find a way to avoid further public rebukes from Trump https://t.co/872FBzLfBo https://t.co/TNMsN5Cyrh,Wed Apr 25 16:20:19 +0000 2018,0.1513,0.14,0.11,0.75,34
@nytimes,Exclusive: NFL owners and players discussed President Trump and Colin Kaepernick at a private meeting in October. T‚Ä¶ https://t.co/BshkPnlg0S,Wed Apr 25 16:15:05 +0000 2018,0.128,0.081,0.0,0.919,35
@nytimes,Breaking News: The Supreme Court heard a challenge to the Trump travel ban. The arguments suggested there aren't 5‚Ä¶ https://t.co/PVsKVMM5K7,Wed Apr 25 16:06:29 +0000 2018,-0.34,0.187,0.24,0.573,36
@nytimes,"Marine Lance Cpl. Maximilian Uriarte draws all of his comics by hand, using digital devices and software https://t.co/Tp53kSKhVm",Wed Apr 25 16:01:52 +0000 2018,0.4939,0.158,0.0,0.842,37
@nytimes,The Marine Corps likes to present itself with dutiful seriousness. @TerminalLance is a counterpoint to that. It is‚Ä¶ https://t.co/Oc77xAiYF1,Wed Apr 25 16:00:19 +0000 2018,0.3818,0.14,0.06,0.8,38
@nytimes,What started out as a relaxing day at a Pennsylvania golf course turned into an ugly confrontation https://t.co/f6Tg03mu6U,Wed Apr 25 15:50:03 +0000 2018,-0.34,0.147,0.257,0.596,39
@nytimes,"Bill Cosby‚Äôs first trial ended in a hung jury last June. As the jury in his retrial begins deliberations today, her‚Ä¶ https://t.co/X17z8o84zs",Wed Apr 25 15:40:02 +0000 2018,0.0,0.0,0.0,1.0,40
@nytimes,"RT @nytimesbooks: Is James Comey's book a hit? Here are the numbers.
https://t.co/SpDMLR3kJR",Wed Apr 25 15:30:10 +0000 2018,0.0,0.0,0.0,1.0,41
@nytimes,The MSNBC host Joy Reid said that anti-gay posts from a blog she used to operate were created by hackers https://t.co/GJN00GY5jC,Wed Apr 25 15:22:01 +0000 2018,0.7003,0.244,0.0,0.756,42
@nytimes,RT @kzernike: F.D.A. wants to know if Juul is intentionally marketing to teenagers - despite what the company says  https://t.co/ie5rWEOFBe,Wed Apr 25 15:15:07 +0000 2018,0.0,0.0,0.0,1.0,43
@nytimes,A suspect was arrested in the shooting of 2 Dallas police officers who were critically wounded outside a Home Depot https://t.co/RuaX2YDihg,Wed Apr 25 15:07:02 +0000 2018,-0.6486,0.0,0.249,0.751,44
@nytimes,Pope Francis will host three victims of sexual abuse at the Vatican hotel where he lives to ask their forgiveness https://t.co/XwRNdDCtBu,Wed Apr 25 15:00:12 +0000 2018,-0.6597,0.079,0.244,0.677,45
@nytimes,"RT @nytimesworld: Thanks to a donation of $50 million from the United Arab Emirates, one of the Iraqi city of Mosul's most renowned landmar‚Ä¶",Wed Apr 25 14:45:11 +0000 2018,0.6908,0.213,0.0,0.787,46
@nytimes,"It was ""a case so heinous and repulsive that as a prosecutor, it renders you speechless"" https://t.co/CyM3OedHwn",Wed Apr 25 14:29:04 +0000 2018,0.0,0.0,0.0,1.0,47
@nytimes,"RT @nytpolitics: Debbie Lesko, a strong supporter of President Trump, has won a House seat in Arizona https://t.co/AkCA9pShuE https://t.co/‚Ä¶",Wed Apr 25 14:14:04 +0000 2018,0.8442,0.394,0.0,0.606,48
@nytimes,"An NCAA commission proposed college basketball reforms, including ending the practice of playing only one season be‚Ä¶ https://t.co/CmMqkecrhy",Wed Apr 25 13:59:05 +0000 2018,0.2023,0.096,0.0,0.904,49
@nytimes,"""We slowly stopped doing things for them and guided them in learning how to do them for themselves"" https://t.co/1lkWgD3CfZ",Wed Apr 25 13:44:01 +0000 2018,-0.2263,0.0,0.095,0.905,50
@nytimes,The chief of the Madrid regional government resigned  after a website posted video that appeared to show her being‚Ä¶ https://t.co/yvtT83u0Qa,Wed Apr 25 13:30:05 +0000 2018,-0.25,0.0,0.1,0.9,51
@nytimes,"You might ask, ‚ÄúWhy does it take 7 people to write a song that sounds like it came from a computer?‚Äù But ‚ÄúThe Middl‚Ä¶ https://t.co/2FQUWwCbmo",Wed Apr 25 13:14:47 +0000 2018,0.3612,0.106,0.0,0.894,52
@nytimes,Morning Briefing: Here's what you need to know to start your day https://t.co/PKop22jc57 https://t.co/e5k5y7FTmX,Wed Apr 25 13:00:08 +0000 2018,0.0,0.0,0.0,1.0,53
@nytimes,"Don Blankenship is running for the United States Senate as a proud West Virginian with Appalachian roots, but his p‚Ä¶ https://t.co/mAaHubgHtW",Wed Apr 25 12:44:06 +0000 2018,0.4497,0.18,0.0,0.82,54
@nytimes,Stephen Colbert and other late-night hosts struggled with what to make of the relationship between Trump and Macron https://t.co/YoMu6p6R3J,Wed Apr 25 12:30:17 +0000 2018,-0.34,0.0,0.118,0.882,55
@nytimes,Twitter‚Äôs stock has more than doubled in value in the past 12 months as the company has undergone a perception shif‚Ä¶ https://t.co/MxIhhh2yBh,Wed Apr 25 12:14:02 +0000 2018,0.34,0.107,0.0,0.893,56
@nytimes,"Your daily @DealBook Briefing:

‚Ä¢ The fight for Sky is officially on.¬†

‚Ä¢ Stocks have fallen for the fourth day in‚Ä¶ https://t.co/FdEPluftuj",Wed Apr 25 12:00:07 +0000 2018,-0.6249,0.0,0.221,0.779,57
@nytimes,A memorial in Alabama demands a reckoning with one of America's least recognized atrocities: the lynching of thousa‚Ä¶ https://t.co/dd30msa398,Wed Apr 25 11:45:06 +0000 2018,0.0,0.0,0.0,1.0,58
@nytimes,Analysts said that Japan's biggest worry might be an impulsive desire on President Trump's part to declare a quick‚Ä¶ https://t.co/beCSpY6HC8,Wed Apr 25 11:30:15 +0000 2018,-0.0516,0.119,0.128,0.752,59
@nytimes,"The nomination of Ronny Jackson, President Trump's personal doctor, as the next head of Veterans Affairs has come t‚Ä¶ https://t.co/MGC3Xlw88F",Wed Apr 25 11:20:03 +0000 2018,0.0,0.0,0.0,1.0,60
@nytimes,"A Danish inventor has been sentenced to life in prison for killing Kim Wall, a journalist. Prosecutors said he tort‚Ä¶ https://t.co/dMmyAik3id",Wed Apr 25 11:12:07 +0000 2018,-0.8316,0.0,0.355,0.645,61
@nytimes,RT @nytgraphics: Republicans have lost support in every special congressional election since Donald J. Trump became president. https://t.co‚Ä¶,Wed Apr 25 11:00:13 +0000 2018,0.4767,0.238,0.101,0.661,62
@nytimes,On the table are issues that have bedeviled the Korean Peninsula for much of the 20th century https://t.co/Jb9BnQVzhW,Wed Apr 25 10:44:04 +0000 2018,0.0,0.0,0.0,1.0,63
@nytimes,"""President Duterte never disclosed to the public that his supposed rehabilitation plan includes deployment of polic‚Ä¶ https://t.co/RFvDAexq2h",Wed Apr 25 10:15:09 +0000 2018,0.0,0.0,0.0,1.0,64
@nytimes,Morning¬†Briefing: Here's what you need to know to start your day https://t.co/SuOMWXrd8p https://t.co/UGH5GsBmHk,Wed Apr 25 10:00:11 +0000 2018,0.0,0.0,0.0,1.0,65
@nytimes,"The first female statue was unveiled in London's historic Parliament Square, after 11 male statues ‚Äî mostly of whit‚Ä¶ https://t.co/SyQRdmGeNA",Wed Apr 25 10:00:07 +0000 2018,0.0,0.0,0.0,1.0,66
@nytimes,"Renford McIntyre was just a child when he left Jamaica to join his parents in Britain. At the age of 60, he was dec‚Ä¶ https://t.co/yCmNiM3DYV",Wed Apr 25 09:44:03 +0000 2018,0.296,0.087,0.0,0.913,67
@nytimes,They blame women for denying them their right to sexual intercourse. Here's a brief guide to the incel community: https://t.co/V2KGVljfER,Wed Apr 25 09:30:12 +0000 2018,-0.5859,0.0,0.22,0.78,68
@nytimes,"Before rushing toward the suspect, or firing his gun, Constable Lam did something else: He paused, walked briskly b‚Ä¶ https://t.co/RSvTZxXz3a",Wed Apr 25 09:15:03 +0000 2018,-0.7184,0.0,0.292,0.708,69
@nytimes,WhatsApp is raising its minimum age from 13 to 16 in Europe to help it comply with new data privacy rules coming in‚Ä¶ https://t.co/khr5JIllnP,Wed Apr 25 09:00:04 +0000 2018,0.4019,0.105,0.0,0.895,70
@nytimes,"""Arthur is still the clear favorite,"" said a public relations representative for Britain's biggest betting company https://t.co/V5Gy4SjMg4",Wed Apr 25 08:44:06 +0000 2018,0.3818,0.148,0.0,0.852,71
@nytimes,"""It used to be a pretty good deal to be a white, Christian male in America, but things have changed and I think the‚Ä¶ https://t.co/0C3Qb9t6GX",Wed Apr 25 08:30:05 +0000 2018,0.4678,0.168,0.0,0.832,72
@nytimes,Their body language went beyond the usual respectful handshakes of two world leaders meeting for high-level talks https://t.co/DMZCHh2e4Q,Wed Apr 25 08:15:03 +0000 2018,0.4588,0.15,0.0,0.85,73
@nytimes,The American-led air campaign to defeat the remnants of ISIS in eastern Syria lost its main ground force. Now it is‚Ä¶ https://t.co/CsPIbQHfoC,Wed Apr 25 08:02:04 +0000 2018,-0.6486,0.0,0.209,0.791,74
@nytimes,"After nearly 200 years and 11 statues of men, Parliament Square in London has its first statue of a woman: the suff‚Ä¶ https://t.co/jlfObszR4L",Wed Apr 25 07:47:04 +0000 2018,0.0,0.0,0.0,1.0,75
@nytimes,"Finland's test of universal basic income ‚Äì free money, no strings attached ‚Äì will end this year. What did the natio‚Ä¶ https://t.co/fuwESa8aVM",Wed Apr 25 07:32:06 +0000 2018,0.2732,0.14,0.094,0.766,76
@nytimes,Greek authorities and human rights groups say they fear rising tensions and more conflicts on the eastern Aegean Is‚Ä¶ https://t.co/PRgpodLmjc,Wed Apr 25 07:17:05 +0000 2018,-0.8313,0.0,0.341,0.659,77
@nytimes,Wheels: Cars That Will Get Your Grad Down the Road of Life https://t.co/eKntgtZXYQ,Wed Apr 25 07:03:53 +0000 2018,0.0,0.0,0.0,1.0,78
@nytimes,Statements by the United States and North Korea suggest that they are not just driving at different goals. They may‚Ä¶ https://t.co/L7FBZduyhf,Wed Apr 25 07:02:05 +0000 2018,0.4215,0.123,0.0,0.877,79
@nytimes,"""I'm an ardent advocate for the Second Amendment, and none of those gun safety measures threaten any of those thing‚Ä¶ https://t.co/hSjzYr5hgH",Wed Apr 25 06:34:07 +0000 2018,0.6526,0.288,0.094,0.617,80
@nytimes,Melania Trump's hat was not an accidental accessory https://t.co/ALAbJlf6Ap,Wed Apr 25 06:03:18 +0000 2018,0.0572,0.133,0.0,0.867,81
@nytimes,"The FDA announced a major crackdown on the vaping industry, particularly on the trendy Juul devices, aimed at curbi‚Ä¶ https://t.co/uDMZ8MooET",Wed Apr 25 05:48:47 +0000 2018,0.0,0.0,0.0,1.0,82
@nytimes,RT @arappeport: Can Steven Mnuchin stave off a trade war? He‚Äôs heading to China to find out. https://t.co/tBxzezgdsT,Wed Apr 25 05:32:04 +0000 2018,-0.5994,0.0,0.196,0.804,83
@nytimes,"During an arrest, 3 white police officers threw a black woman to the ground, threatened to break her arm, placed a‚Ä¶ https://t.co/Gqk2RXLk2G",Wed Apr 25 05:16:39 +0000 2018,-0.6597,0.0,0.231,0.769,84
@nytimes,"RT @CoralMDavenport: If Inhofe is now questioning Pruitt, it ‚Äúmeans Pruitt is in big trouble.‚Äù https://t.co/hVfixaHW7E",Wed Apr 25 05:02:04 +0000 2018,-0.1027,0.0,0.085,0.915,85
@nytimes,"Constable Ken Lam turned off his siren, calmly ordered the man to get down and placed him under arrest https://t.co/zhKwUdR5Vf",Wed Apr 25 04:47:06 +0000 2018,-0.0258,0.101,0.106,0.793,86
@nytimes,RT @elizabethjdias: The conservative Christian coalition that ushered Trump into power has big plans for the midterms. Latest w/ @jwpetersN‚Ä¶,Wed Apr 25 04:32:06 +0000 2018,0.0,0.0,0.0,1.0,87
@nytimes,"The guest list for Trump and Macron‚Äôs state dinner 
https://t.co/wsLGHZ5XBR",Wed Apr 25 04:17:03 +0000 2018,0.0,0.0,0.0,1.0,88
@nytimes,Finland Has Second Thoughts About Giving Free Money to Jobless People https://t.co/Bi5A8y0YAM,Wed Apr 25 04:16:53 +0000 2018,0.6908,0.363,0.0,0.637,89
@nytimes,"Debbie Lesko, a former Republican state senator in Arizona, won a special congressional election, according to The‚Ä¶ https://t.co/KiutG0Prv1",Wed Apr 25 04:02:04 +0000 2018,0.7506,0.314,0.0,0.686,90
@nytimes,"Here's the 2018 election calendar
https://t.co/nSL0IZK5dG",Wed Apr 25 03:47:02 +0000 2018,0.0,0.0,0.0,1.0,91
@nytimes,"The New York Times movie review of ""Avengers: Infinity War"" https://t.co/AfJGYQQkrg",Wed Apr 25 03:32:06 +0000 2018,-0.5994,0.0,0.281,0.719,92
@nytimes,"RT @Nate_Cohn: Debbie Lesko is the projected winner in AZ-8, according to the AP. That's basically just a mathematical call, on the assumpt‚Ä¶",Wed Apr 25 03:17:37 +0000 2018,0.5859,0.153,0.0,0.847,93
@nytimes,"RT @nytgraphics: Republican Debbie Lesko has won the special election for Arizona's 8th House district.
https://t.co/5SuiKk1b9a https://t.c‚Ä¶",Wed Apr 25 03:16:02 +0000 2018,0.7506,0.299,0.0,0.701,94
@nytimes,First election results are coming in from Arizona. Follow the vote here. https://t.co/XZqj0gS9q0,Wed Apr 25 03:05:03 +0000 2018,0.0,0.0,0.0,1.0,95
@nytimes,"RT @Nate_Cohn: We're just a few minutes away from getting the mail absentee vote in AZ-8, which could be more than 80 percent of ballots ca‚Ä¶",Wed Apr 25 03:02:04 +0000 2018,-0.2732,0.0,0.08,0.92,96
@nytimes,Who will win the Arizona special election? Keep this page open for live results when they come in. https://t.co/yNXIHmhSo4,Wed Apr 25 02:47:07 +0000 2018,0.7579,0.277,0.0,0.723,97
@nytimes,"The FDA announced a major crackdown on the vaping industry, particularly on the trendy Juul devices, aimed at curbi‚Ä¶ https://t.co/LTehJCvgPB",Wed Apr 25 02:36:06 +0000 2018,0.0,0.0,0.0,1.0,98
@nytimes,"RT @nytgraphics: Results in the Arizona special election are expected to start coming in around 11:05 ET. We'll update them live here:
http‚Ä¶",Wed Apr 25 02:27:37 +0000 2018,0.4019,0.109,0.0,0.891,99
@nytimes,Here's what makes the special election in Arizona interesting https://t.co/43s8r6U3A0,Wed Apr 25 02:17:04 +0000 2018,0.6597,0.403,0.0,0.597,100
